example_id,source,split,model_name,task,train_loss,validation_loss,train_metric,validation_metric,learning_rate,epochs,additional_information,diagnosis,evidence,next_experiment
synthetic_v3_learning_rate_too_high_001,controlled_synthetic_v3,train,controlled_mlp,multiclass_classification,"[1.376, 3.169, 0.925, 2.853, 1.136, 2.088, 0.962, 2.7, 1.102, 2.153, 1.409, 2.131]","[1.535, 3.335, 1.078, 3.034, 1.284, 2.267, 1.045, 2.785, 1.259, 2.302, 1.567, 2.303]","[0.512, 0.315, 0.525, 0.313, 0.493, 0.372, 0.522, 0.345, 0.553, 0.254, 0.461, 0.211]","[0.489, 0.29, 0.509, 0.285, 0.474, 0.34, 0.49, 0.309, 0.514, 0.24, 0.44, 0.184]",0.1298,"[1, 2, 3, 4, 5, 6, 7, 8, 9, 10, 11, 12]",Gradient norms repeatedly spiked after optimizer updates.,learning_rate_too_high,"Loss oscillated throughout 12 epochs, including increases from 1.376 to 3.169 and from 0.925 to 2.853; the run did not converge.",Repeat the configuration with a learning rate ten times smaller.
synthetic_v3_insufficient_evidence_028,controlled_synthetic_v3,train,controlled_encoder,text_classification,"[1.276, 1.042, 0.861, 0.734, 0.638]","[1.34, 1.086, 0.91, 0.764, 0.705]","[0.675, 0.635, 0.595, 0.555, 0.515]","[0.655, 0.625, 0.576, 0.539, 0.5]",0.001,"[1, 2, 3, 4, 5]",No learning-rate scheduler was enabled.,insufficient_evidence,"The losses improve but both recorded metrics become worse, so the logs are contradictory and may use an unknown metric direction or contain a logging error.","Verify the metric definition and logging code, then repeat the run before diagnosing it."
synthetic_v3_overfitting_042,controlled_synthetic_v3,train,controlled_mlp,binary_classification,"[1.632, 1.329, 1.045, 0.782, 0.545, 0.338, 0.17, 0.068]","[1.703, 0.915, 0.434, 0.584, 0.73, 0.871, 1.004, 1.122]","[0.542, 0.624, 0.702, 0.773, 0.837, 0.893, 0.939, 0.967]","[0.532, 0.729, 0.849, 0.79, 0.732, 0.676, 0.623, 0.576]",0.00142,"[1, 2, 3, 4, 5, 6, 7, 8]",Batch size and optimizer settings stayed fixed during the run.,overfitting,"The generalization gap grew after epoch 3: the final training metric was 0.967, while the validation metric fell to 0.576.",Restore the checkpoint from epoch 3 and test early stopping.
synthetic_v3_learning_rate_too_high_007,controlled_synthetic_v3,train,controlled_mlp,multiclass_classification,"[0.76, 2.406, 0.957, 2.912, 0.885, 2.816, 1.197, 2.508, 1.049]","[0.879, 2.534, 1.048, 3.11, 1.022, 3.008, 1.278, 2.634, 1.183]","[0.49, 0.259, 0.537, 0.303, 0.489, 0.265, 0.485, 0.32, 0.52]","[0.475, 0.228, 0.499, 0.266, 0.456, 0.234, 0.456, 0.282, 0.499]",0.1052,"[1, 2, 3, 4, 5, 6, 7, 8, 9]",Neither split settled into a downward trend during the run.,learning_rate_too_high,"Loss oscillated throughout 9 epochs, including increases from 0.760 to 2.406 and from 0.957 to 2.912; the run did not converge.",Repeat the configuration with a learning rate ten times smaller.
synthetic_v3_data_leakage_suspected_025,controlled_synthetic_v3,train,controlled_mlp,multiclass_classification,"[0.42, 0.316, 0.222, 0.139, 0.072, 0.031]","[0.38, 0.288, 0.206, 0.133, 0.075, 0.039]","[0.84, 0.878, 0.912, 0.942, 0.966, 0.981]","[0.88, 0.911, 0.94, 0.965, 0.985, 0.997]",0.001,"[1, 2, 3, 4, 5, 6]",The scaler and feature selector were fitted on the complete dataset before the train-validation split. Metric on a clean holdout was 0.64.,data_leakage_suspected,"Preprocessing was fitted before the split, so validation information entered the training pipeline. Validation metric was 0.997, compared with 0.640 on a clean holdout.","Rebuild the splits around independent groups, then rerun preprocessing and training."
synthetic_v3_learning_rate_too_high_034,controlled_synthetic_v3,train,controlled_encoder,text_classification,"[0.877, 2.377, 1.316, 2.817, 1.198, 2.056, 1.097, 2.397]","[0.966, 2.499, 1.434, 2.973, 1.394, 2.235, 1.257, 2.565]","[0.5, 0.202, 0.481, 0.325, 0.503, 0.342, 0.558, 0.209]","[0.477, 0.179, 0.466, 0.303, 0.467, 0.321, 0.537, 0.174]",0.2472,"[1, 2, 3, 4, 5, 6, 7, 8]",Data augmentation settings stayed unchanged during training.,learning_rate_too_high,"Loss oscillated throughout 8 epochs, including increases from 0.877 to 2.377 and from 1.316 to 2.817; the run did not converge.",Repeat the configuration with a learning rate ten times smaller.
synthetic_v3_learning_rate_too_high_015,controlled_synthetic_v3,train,controlled_tabular_net,binary_classification,"[1.4, 2.349, 1.145, 2.75, 1.345, 2.916, 1.128, 2.476, 1.268, 3.086, 1.233]","[1.489, 2.518, 1.267, 2.842, 1.453, 3.005, 1.281, 2.63, 1.419, 3.282, 1.352]","[0.545, 0.341, 0.518, 0.241, 0.533, 0.268, 0.478, 0.305, 0.507, 0.339, 0.494]","[0.528, 0.329, 0.5, 0.22, 0.499, 0.253, 0.456, 0.284, 0.494, 0.301, 0.471]",0.2403,"[1, 2, 3, 4, 5, 6, 7, 8, 9, 10, 11]",Large loss jumps continued even though the batch size stayed fixed.,learning_rate_too_high,"Training loss repeatedly jumped from 1.400 at epoch 1 to 2.349 at epoch 2 and from 1.145 at epoch 3 to 2.750 at epoch 4, with no stable downward trend.",Lower the learning rate by about 10x and run the same experiment again.
synthetic_v3_learning_rate_too_high_036,controlled_synthetic_v3,train,controlled_mlp,binary_classification,"[1.376, 2.298, 1.199, 2.481, 1.01, 2.472, 0.881, 1.967, 1.058, 2.295, 1.336]","[1.524, 2.396, 1.363, 2.573, 1.17, 2.649, 1.011, 2.138, 1.165, 2.382, 1.462]","[0.528, 0.374, 0.553, 0.369, 0.536, 0.242, 0.495, 0.271, 0.578, 0.206, 0.536]","[0.502, 0.347, 0.514, 0.355, 0.498, 0.219, 0.457, 0.256, 0.562, 0.19, 0.525]",0.0696,"[1, 2, 3, 4, 5, 6, 7, 8, 9, 10, 11]",The experiment used a fixed random seed.,learning_rate_too_high,"Training loss repeatedly jumped from 1.376 at epoch 1 to 2.298 at epoch 2 and from 1.199 at epoch 3 to 2.481 at epoch 4, with no stable downward trend.",Lower the learning rate by about 10x and run the same experiment again.
synthetic_v3_underfitting_000,controlled_synthetic_v3,train,controlled_mlp,binary_classification,"[1.863, 1.75, 1.651, 1.567, 1.496, 1.439, 1.393, 1.358, 1.334, 1.319, 1.311, 1.309]","[1.933, 1.82, 1.722, 1.637, 1.567, 1.509, 1.463, 1.429, 1.404, 1.389, 1.382, 1.38]","[0.343, 0.37, 0.393, 0.414, 0.431, 0.445, 0.456, 0.464, 0.47, 0.473, 0.475, 0.476]","[0.331, 0.357, 0.379, 0.398, 0.415, 0.428, 0.438, 0.446, 0.452, 0.455, 0.457, 0.457]",0.001764,"[1, 2, 3, 4, 5, 6, 7, 8, 9, 10, 11, 12]",The run completed without hardware or logging errors.,underfitting,Training remained poor after 12 epochs: training loss was 1.309 and training metric was 0.476. Validation values were similarly poor at 1.380 loss and 0.457 metric.,"Train for more epochs and, if training remains poor, test a larger model."
synthetic_v3_healthy_011,controlled_synthetic_v3,train,controlled_sequence_net,sequence_classification,"[1.295, 1.134, 0.98, 0.833, 0.695, 0.566, 0.446, 0.338, 0.244, 0.167, 0.121]","[1.39, 1.226, 1.069, 0.92, 0.779, 0.647, 0.526, 0.416, 0.32, 0.242, 0.194]","[0.544, 0.6, 0.654, 0.705, 0.753, 0.798, 0.84, 0.878, 0.91, 0.937, 0.953]","[0.529, 0.585, 0.639, 0.69, 0.738, 0.783, 0.825, 0.863, 0.896, 0.922, 0.939]",0.001988,"[1, 2, 3, 4, 5, 6, 7, 8, 9, 10, 11]",The gap between the two splits stayed small throughout the run.,healthy,"Training and validation followed the same improving trend: losses ended at 0.121 and 0.194, while their metrics reached 0.953 and 0.939.",Repeat the experiment once more to confirm that the stable result is reproducible.
synthetic_v3_overfitting_017,controlled_synthetic_v3,train,controlled_sequence_net,sequence_classification,"[1.522, 1.307, 1.103, 0.91, 0.729, 0.563, 0.412, 0.281, 0.174, 0.109]","[1.614, 1.24, 0.913, 0.647, 0.485, 0.628, 0.768, 0.903, 1.032, 1.144]","[0.494, 0.567, 0.637, 0.703, 0.764, 0.821, 0.873, 0.918, 0.954, 0.976]","[0.484, 0.613, 0.725, 0.816, 0.872, 0.818, 0.765, 0.713, 0.665, 0.622]",0.00177,"[1, 2, 3, 4, 5, 6, 7, 8, 9, 10]",No early stopping was used after the validation score peaked.,overfitting,"After epoch 5, training continued improving to 0.109 loss, but validation loss moved in the opposite direction and finished at 1.144.",Stop training near epoch 5 and evaluate that checkpoint on a separate holdout.
synthetic_v3_learning_rate_too_low_030,controlled_synthetic_v3,train,controlled_mlp,binary_classification,"[1.523, 1.518, 1.512, 1.507, 1.502, 1.496, 1.491, 1.485, 1.48, 1.475, 1.469, 1.464, 1.459, 1.453]","[1.583, 1.578, 1.574, 1.569, 1.565, 1.56, 1.555, 1.551, 1.546, 1.542, 1.537, 1.532, 1.528, 1.523]","[0.389, 0.393, 0.397, 0.401, 0.405, 0.409, 0.413, 0.417, 0.421, 0.425, 0.429, 0.433, 0.437, 0.441]","[0.379, 0.382, 0.384, 0.387, 0.39, 0.392, 0.395, 0.398, 0.401, 0.403, 0.406, 0.409, 0.411, 0.414]",2.2e-06,"[1, 2, 3, 4, 5, 6, 7, 8, 9, 10, 11, 12, 13, 14]",The optimizer state was reset before training started.,learning_rate_too_low,"Training loss decreased consistently by only 0.070, from 1.523 to 1.453, across 14 epochs, while the training metric improved by only 0.052.",Increase the learning rate by about 10x and run the same experiment again.
synthetic_v3_learning_rate_too_low_009,controlled_synthetic_v3,train,controlled_tabular_net,binary_classification,"[1.732, 1.725, 1.718, 1.712, 1.705, 1.698, 1.692, 1.685, 1.678, 1.672, 1.665, 1.659, 1.652]","[1.792, 1.786, 1.78, 1.774, 1.768, 1.763, 1.757, 1.751, 1.745, 1.739, 1.734, 1.728, 1.722]","[0.335, 0.342, 0.348, 0.355, 0.361, 0.368, 0.374, 0.38, 0.387, 0.393, 0.4, 0.406, 0.413]","[0.325, 0.331, 0.336, 0.342, 0.347, 0.352, 0.358, 0.363, 0.369, 0.374, 0.38, 0.385, 0.391]",5.3e-06,"[1, 2, 3, 4, 5, 6, 7, 8, 9, 10, 11, 12, 13]","There were no spikes, but each epoch changed the metrics only slightly.",learning_rate_too_low,"Training loss decreased consistently by only 0.080, from 1.732 to 1.652, across 13 epochs, while the training metric improved by only 0.078.",Increase the learning rate by about 10x and run the same experiment again.
synthetic_v3_underfitting_014,controlled_synthetic_v3,train,controlled_cnn,image_classification,"[2.222, 1.992, 1.798, 1.639, 1.514, 1.419, 1.352, 1.311, 1.29, 1.285]","[2.261, 2.039, 1.851, 1.698, 1.577, 1.485, 1.421, 1.381, 1.361, 1.356]","[0.318, 0.357, 0.39, 0.417, 0.439, 0.455, 0.466, 0.473, 0.477, 0.477]","[0.312, 0.348, 0.377, 0.402, 0.421, 0.436, 0.446, 0.453, 0.456, 0.457]",0.001333,"[1, 2, 3, 4, 5, 6, 7, 8, 9, 10]",Data augmentation settings stayed unchanged during training.,underfitting,"The model still performed poorly on its training data after 10 epochs, with a 0.477 training metric. Validation was similarly weak at 0.457.",Continue training and compare the result with a larger architecture using the same split.
synthetic_v3_underfitting_024,controlled_synthetic_v3,train,controlled_mlp,binary_classification,"[1.988, 1.798, 1.648, 1.534, 1.454, 1.404, 1.38, 1.374]","[2.071, 1.883, 1.733, 1.62, 1.541, 1.491, 1.467, 1.461]","[0.337, 0.397, 0.444, 0.479, 0.504, 0.52, 0.528, 0.529]","[0.322, 0.377, 0.42, 0.452, 0.475, 0.49, 0.497, 0.498]",0.001816,"[1, 2, 3, 4, 5, 6, 7, 8]",Metrics were recorded once at the end of every epoch.,underfitting,Training remained poor after 8 epochs: training loss was 1.374 and training metric was 0.529. Validation values were similarly poor at 1.461 loss and 0.498 metric.,"Train for more epochs and, if training remains poor, test a larger model."
synthetic_v3_data_leakage_suspected_022,controlled_synthetic_v3,train,controlled_encoder,text_classification,"[0.42, 0.319, 0.229, 0.149, 0.085, 0.045]","[0.38, 0.287, 0.203, 0.13, 0.07, 0.034]","[0.84, 0.881, 0.918, 0.95, 0.976, 0.992]","[0.88, 0.911, 0.938, 0.963, 0.982, 0.994]",0.001,"[1, 2, 3, 4, 5, 6]",Augmentation was applied before splitting and created 203 near-identical image pairs across training and validation.,data_leakage_suspected,The audit found 203 near-duplicate augmented images shared between the training and validation splits.,"Rebuild the splits around independent groups, then rerun preprocessing and training."
synthetic_v3_learning_rate_too_high_008,controlled_synthetic_v3,train,controlled_cnn,image_classification,"[1.085, 2.582, 1.442, 2.46, 1.241, 3.269, 1.28, 3.103, 1.328]","[1.256, 2.744, 1.593, 2.634, 1.384, 3.412, 1.403, 3.293, 1.421]","[0.574, 0.363, 0.48, 0.297, 0.475, 0.354, 0.516, 0.322, 0.558]","[0.549, 0.326, 0.457, 0.285, 0.461, 0.332, 0.489, 0.295, 0.528]",0.127,"[1, 2, 3, 4, 5, 6, 7, 8, 9]",No learning-rate scheduler was enabled.,learning_rate_too_high,"The large recurring loss spikes were paired with metric drops, such as 0.574 to 0.363 between epochs 1 and 2.",Reduce the learning rate first and check whether the loss begins to converge smoothly.
synthetic_v3_learning_rate_too_high_002,controlled_synthetic_v3,train,controlled_cnn,image_classification,"[0.836, 2.574, 0.849, 1.976, 1.412, 3.196, 1.043, 3.344, 1.382, 3.12, 1.404]","[1.003, 2.677, 0.948, 2.176, 1.548, 3.381, 1.183, 3.435, 1.509, 3.255, 1.513]","[0.538, 0.209, 0.492, 0.308, 0.576, 0.321, 0.493, 0.201, 0.466, 0.224, 0.49]","[0.517, 0.187, 0.481, 0.296, 0.549, 0.3, 0.474, 0.179, 0.442, 0.198, 0.455]",0.2058,"[1, 2, 3, 4, 5, 6, 7, 8, 9, 10, 11]",Batch size and optimizer settings stayed fixed during the run.,learning_rate_too_high,"The large recurring loss spikes were paired with metric drops, such as 0.538 to 0.209 between epochs 1 and 2.",Reduce the learning rate first and check whether the loss begins to converge smoothly.
synthetic_v3_data_leakage_suspected_023,controlled_synthetic_v3,train,controlled_sequence_net,sequence_classification,"[0.42, 0.317, 0.225, 0.143, 0.078, 0.037]","[0.38, 0.281, 0.192, 0.114, 0.051, 0.012]","[0.84, 0.878, 0.913, 0.944, 0.968, 0.983]","[0.88, 0.91, 0.937, 0.96, 0.979, 0.991]",0.001,"[1, 2, 3, 4, 5, 6]",Source documents were divided by individual rows; paragraphs from the same documents occurred in both splits. Performance dropped to 0.66 when split by document.,data_leakage_suspected,"Paragraphs from the same source documents crossed the split boundary. The validation metric was 0.991, but a document-level holdout reached only 0.660.","Remove the overlap, retrain from scratch, and verify the result on a clean holdout."
synthetic_v3_underfitting_048,controlled_synthetic_v3,train,controlled_mlp,binary_classification,"[1.868, 1.748, 1.645, 1.559, 1.488, 1.432, 1.39, 1.36, 1.341, 1.332, 1.33]","[1.894, 1.777, 1.678, 1.594, 1.525, 1.471, 1.43, 1.401, 1.383, 1.374, 1.372]","[0.343, 0.389, 0.429, 0.462, 0.489, 0.51, 0.527, 0.538, 0.545, 0.549, 0.55]","[0.327, 0.368, 0.403, 0.433, 0.457, 0.476, 0.491, 0.501, 0.507, 0.51, 0.511]",0.002966,"[1, 2, 3, 4, 5, 6, 7, 8, 9, 10, 11]",No learning-rate scheduler was enabled.,underfitting,Training remained poor after 11 epochs: training loss was 1.330 and training metric was 0.550. Validation values were similarly poor at 1.372 loss and 0.511 metric.,"Train for more epochs and, if training remains poor, test a larger model."
synthetic_v3_healthy_049,controlled_synthetic_v3,train,controlled_mlp,multiclass_classification,"[1.428, 1.265, 1.108, 0.958, 0.815, 0.68, 0.554, 0.438, 0.333, 0.241, 0.166, 0.121]","[1.49, 1.328, 1.173, 1.024, 0.883, 0.75, 0.625, 0.51, 0.406, 0.315, 0.241, 0.196]","[0.521, 0.576, 0.63, 0.681, 0.73, 0.776, 0.819, 0.859, 0.894, 0.926, 0.951, 0.967]","[0.508, 0.561, 0.611, 0.659, 0.705, 0.748, 0.788, 0.826, 0.859, 0.889, 0.913, 0.927]",0.001775,"[1, 2, 3, 4, 5, 6, 7, 8, 9, 10, 11, 12]",A split audit found no overlap and both curves converged normally.,healthy,"Both splits improved over 12 epochs. Final losses were 0.121 for training and 0.196 for validation, with final metrics of 0.967 and 0.927.",Run the same configuration with a second seed and compare the final metrics.
synthetic_v3_learning_rate_too_high_038,controlled_synthetic_v3,train,controlled_cnn,image_classification,"[1.322, 2.355, 0.946, 2.637, 1.237, 2.047, 1.358, 2.102, 1.432, 2.565]","[1.501, 2.467, 1.076, 2.794, 1.34, 2.152, 1.537, 2.271, 1.603, 2.749]","[0.573, 0.293, 0.474, 0.256, 0.526, 0.224, 0.578, 0.358, 0.454, 0.235]","[0.538, 0.258, 0.457, 0.232, 0.488, 0.193, 0.56, 0.323, 0.429, 0.206]",0.081,"[1, 2, 3, 4, 5, 6, 7, 8, 9, 10]",No checkpoints were removed from the recorded history.,learning_rate_too_high,"The large recurring loss spikes were paired with metric drops, such as 0.573 to 0.293 between epochs 1 and 2.",Reduce the learning rate first and check whether the loss begins to converge smoothly.
synthetic_v3_data_leakage_suspected_042,controlled_synthetic_v3,train,controlled_mlp,binary_classification,"[0.42, 0.314, 0.218, 0.134, 0.065, 0.024]","[0.38, 0.286, 0.201, 0.127, 0.067, 0.03]","[0.84, 0.881, 0.918, 0.95, 0.976, 0.992]","[0.88, 0.91, 0.937, 0.96, 0.979, 0.991]",0.001,"[1, 2, 3, 4, 5, 6]",A split audit found 171 identical samples in both the training and validation sets. Accuracy on a deduplicated holdout was 0.68.,data_leakage_suspected,"The split audit found 171 exact duplicates shared by the training and validation sets. Validation metric was 0.991, but the deduplicated holdout metric was 0.680.","Create a new clean split before preprocessing, remove the leakage source, and evaluate the same configuration on an untouched holdout set."
synthetic_v3_data_leakage_suspected_041,controlled_synthetic_v3,train,controlled_sequence_net,sequence_classification,"[0.42, 0.318, 0.226, 0.146, 0.081, 0.041]","[0.38, 0.281, 0.191, 0.113, 0.049, 0.01]","[0.84, 0.881, 0.918, 0.95, 0.976, 0.992]","[0.88, 0.91, 0.937, 0.961, 0.98, 0.992]",0.001,"[1, 2, 3, 4, 5, 6]",Source documents were divided by individual rows; paragraphs from the same documents occurred in both splits. Performance dropped to 0.66 when split by document.,data_leakage_suspected,"Paragraphs from the same source documents crossed the split boundary. The validation metric was 0.992, but a document-level holdout reached only 0.660.","Remove the overlap, retrain from scratch, and verify the result on a clean holdout."
synthetic_v3_data_leakage_suspected_004,controlled_synthetic_v3,train,controlled_encoder,text_classification,"[0.42, 0.322, 0.234, 0.157, 0.094, 0.056]","[0.38, 0.286, 0.2, 0.126, 0.065, 0.028]","[0.84, 0.881, 0.918, 0.951, 0.977, 0.993]","[0.88, 0.911, 0.939, 0.963, 0.983, 0.995]",0.001,"[1, 2, 3, 4, 5, 6]",Augmentation was applied before splitting and created 242 near-identical image pairs across training and validation.,data_leakage_suspected,The audit found 242 near-duplicate augmented images shared between the training and validation splits.,"Rebuild the splits around independent groups, then rerun preprocessing and training."
synthetic_v3_data_leakage_suspected_039,controlled_synthetic_v3,train,controlled_tabular_net,binary_classification,"[0.42, 0.313, 0.216, 0.132, 0.063, 0.021]","[0.38, 0.282, 0.193, 0.115, 0.052, 0.013]","[0.84, 0.878, 0.912, 0.942, 0.966, 0.981]","[0.88, 0.911, 0.939, 0.964, 0.984, 0.996]",0.001,"[1, 2, 3, 4, 5, 6]",A group audit found that records from the same patients appeared in both training and validation instead of being split by patient ID.,data_leakage_suspected,"The same patients occurred in both splits, so related records could leak patient-specific information into validation.","Create a new clean split before preprocessing, remove the leakage source, and evaluate the same configuration on an untouched holdout set."
synthetic_v3_learning_rate_too_high_041,controlled_synthetic_v3,train,controlled_sequence_net,sequence_classification,"[1.321, 2.415, 1.249, 2.929, 1.197, 2.614, 1.408, 2.438, 0.96, 2.155, 1.21, 2.737]","[1.436, 2.551, 1.418, 3.096, 1.344, 2.804, 1.602, 2.626, 1.119, 2.262, 1.317, 2.922]","[0.513, 0.36, 0.506, 0.305, 0.52, 0.221, 0.458, 0.314, 0.537, 0.312, 0.521, 0.235]","[0.499, 0.33, 0.48, 0.283, 0.484, 0.206, 0.418, 0.294, 0.497, 0.275, 0.481, 0.221]",0.2656,"[1, 2, 3, 4, 5, 6, 7, 8, 9, 10, 11, 12]",Gradient norms repeatedly spiked after optimizer updates.,learning_rate_too_high,"The large recurring loss spikes were paired with metric drops, such as 0.513 to 0.360 between epochs 1 and 2.",Reduce the learning rate first and check whether the loss begins to converge smoothly.
synthetic_v3_underfitting_034,controlled_synthetic_v3,train,controlled_encoder,text_classification,"[2.164, 1.973, 1.818, 1.694, 1.601, 1.535, 1.494, 1.474, 1.47]","[2.226, 2.029, 1.868, 1.74, 1.644, 1.576, 1.534, 1.513, 1.508]","[0.287, 0.336, 0.377, 0.408, 0.432, 0.449, 0.46, 0.465, 0.466]","[0.286, 0.329, 0.365, 0.392, 0.414, 0.428, 0.438, 0.442, 0.443]",0.002485,"[1, 2, 3, 4, 5, 6, 7, 8, 9]",Data augmentation settings stayed unchanged during training.,underfitting,"Both splits reached a weak plateau. Training and validation losses ended close together at 1.470 and 1.508, and neither metric exceeded 0.466.","Increase the training budget first, then try a model with more capacity if the plateau remains."
synthetic_v3_learning_rate_too_low_039,controlled_synthetic_v3,train,controlled_tabular_net,binary_classification,"[1.517, 1.509, 1.5, 1.492, 1.483, 1.475, 1.466, 1.458, 1.449, 1.441, 1.432, 1.424, 1.415, 1.407]","[1.577, 1.569, 1.562, 1.554, 1.546, 1.538, 1.531, 1.523, 1.515, 1.508, 1.5, 1.492, 1.485, 1.477]","[0.362, 0.367, 0.373, 0.378, 0.384, 0.389, 0.394, 0.4, 0.405, 0.41, 0.416, 0.421, 0.426, 0.432]","[0.352, 0.357, 0.362, 0.366, 0.371, 0.376, 0.381, 0.386, 0.39, 0.395, 0.4, 0.405, 0.409, 0.414]",9.3e-06,"[1, 2, 3, 4, 5, 6, 7, 8, 9, 10, 11, 12, 13, 14]","There were no spikes, but each epoch changed the metrics only slightly.",learning_rate_too_low,"Training loss decreased consistently by only 0.110, from 1.517 to 1.407, across 14 epochs, while the training metric improved by only 0.070.",Increase the learning rate by about 10x and run the same experiment again.
synthetic_v3_overfitting_033,controlled_synthetic_v3,train,controlled_tabular_net,binary_classification,"[1.623, 1.333, 1.062, 0.812, 0.586, 0.389, 0.228, 0.131]","[1.675, 1.279, 0.934, 0.654, 0.483, 0.605, 0.72, 0.822]","[0.469, 0.564, 0.654, 0.736, 0.81, 0.875, 0.928, 0.96]","[0.459, 0.569, 0.665, 0.743, 0.791, 0.705, 0.623, 0.552]",0.002473,"[1, 2, 3, 4, 5, 6, 7, 8]",Training kept improving after validation had started getting worse.,overfitting,"After epoch 5, training continued improving to 0.131 loss, but validation loss moved in the opposite direction and finished at 0.822.",Restore the checkpoint from epoch 5 and test early stopping.
synthetic_v3_healthy_036,controlled_synthetic_v3,train,controlled_mlp,binary_classification,"[1.269, 1.076, 0.896, 0.729, 0.579, 0.447, 0.34, 0.275]","[1.315, 1.13, 0.957, 0.798, 0.813, 0.528, 0.425, 0.363]","[0.403, 0.501, 0.593, 0.677, 0.754, 0.82, 0.874, 0.908]","[0.39, 0.483, 0.57, 0.65, 0.645, 0.786, 0.837, 0.869]",0.001147,"[1, 2, 3, 4, 5, 6, 7, 8]",The experiment used a fixed random seed.,healthy,"Across 8 epochs, training loss decreased from 1.269 to 0.275 and validation loss decreased from 1.315 to 0.363. The final training and validation metrics remained close at 0.908 and 0.869.",Repeat the run with another random seed to check that the result is reproducible.
synthetic_v3_learning_rate_too_low_019,controlled_synthetic_v3,train,controlled_mlp,multiclass_classification,"[1.432, 1.424, 1.416, 1.408, 1.4, 1.393, 1.385, 1.377, 1.369, 1.361, 1.354, 1.346, 1.338, 1.33, 1.322, 1.314]","[1.492, 1.484, 1.477, 1.47, 1.463, 1.456, 1.449, 1.442, 1.434, 1.427, 1.42, 1.413, 1.406, 1.399, 1.392, 1.384]","[0.305, 0.31, 0.315, 0.32, 0.325, 0.33, 0.334, 0.339, 0.344, 0.349, 0.354, 0.359, 0.363, 0.368, 0.373, 0.378]","[0.295, 0.3, 0.304, 0.309, 0.313, 0.317, 0.322, 0.326, 0.33, 0.335, 0.339, 0.343, 0.348, 0.352, 0.356, 0.361]",5.5e-06,"[1, 2, 3, 4, 5, 6, 7, 8, 9, 10, 11, 12, 13, 14, 15, 16]","There were no spikes, but each epoch changed the metrics only slightly.",learning_rate_too_low,The curves moved in the right direction but very slowly: over 16 epochs training loss changed by just 0.118 and the metric changed by 0.073.,Try a learning rate ten times larger while keeping the other settings fixed.
synthetic_v3_data_leakage_suspected_009,controlled_synthetic_v3,train,controlled_tabular_net,binary_classification,"[0.42, 0.321, 0.232, 0.154, 0.091, 0.052]","[0.38, 0.288, 0.205, 0.132, 0.073, 0.037]","[0.84, 0.881, 0.918, 0.95, 0.977, 0.993]","[0.88, 0.911, 0.939, 0.963, 0.983, 0.995]",0.001,"[1, 2, 3, 4, 5, 6]",A group audit found that records from the same patients appeared in both training and validation instead of being split by patient ID.,data_leakage_suspected,"The same patients occurred in both splits, so related records could leak patient-specific information into validation.","Create a new clean split before preprocessing, remove the leakage source, and evaluate the same configuration on an untouched holdout set."
synthetic_v3_healthy_023,controlled_synthetic_v3,train,controlled_sequence_net,sequence_classification,"[1.502, 1.331, 1.168, 1.012, 0.866, 0.728, 0.602, 0.487, 0.387, 0.306, 0.256]","[1.546, 1.381, 1.224, 1.073, 0.932, 0.799, 0.677, 0.567, 0.47, 0.392, 0.344]","[0.366, 0.441, 0.513, 0.581, 0.645, 0.706, 0.761, 0.812, 0.856, 0.891, 0.913]","[0.348, 0.421, 0.49, 0.556, 0.618, 0.676, 0.73, 0.778, 0.821, 0.855, 0.876]",0.000935,"[1, 2, 3, 4, 5, 6, 7, 8, 9, 10, 11]",A second seed produced a similar smooth improvement on both splits.,healthy,"Training and validation followed the same improving trend: losses ended at 0.256 and 0.344, while their metrics reached 0.913 and 0.876.",Repeat the experiment once more to confirm that the stable result is reproducible.
synthetic_v3_learning_rate_too_low_023,controlled_synthetic_v3,train,controlled_sequence_net,sequence_classification,"[1.677, 1.668, 1.659, 1.65, 1.64, 1.631, 1.622, 1.613, 1.604, 1.595, 1.586, 1.577]","[1.737, 1.729, 1.72, 1.712, 1.704, 1.696, 1.688, 1.68, 1.671, 1.663, 1.655, 1.647]","[0.315, 0.318, 0.32, 0.323, 0.326, 0.329, 0.331, 0.334, 0.337, 0.34, 0.342, 0.345]","[0.305, 0.306, 0.308, 0.31, 0.311, 0.313, 0.315, 0.316, 0.318, 0.32, 0.321, 0.323]",5.8e-06,"[1, 2, 3, 4, 5, 6, 7, 8, 9, 10, 11, 12]",A short pilot with a larger rate made more progress in the same number of epochs.,learning_rate_too_low,"Despite 12 stable epochs, training loss only moved from 1.677 to 1.577, leaving performance poor within the available budget.",Raise the learning rate and compare how much progress is made in the same epoch budget.
synthetic_v3_healthy_012,controlled_synthetic_v3,train,controlled_mlp,binary_classification,"[1.565, 1.388, 1.217, 1.054, 0.899, 0.753, 0.616, 0.489, 0.375, 0.275, 0.194, 0.144]","[1.664, 1.482, 1.307, 1.139, 0.98, 0.83, 0.845, 0.56, 0.443, 0.34, 0.257, 0.206]","[0.506, 0.56, 0.611, 0.661, 0.708, 0.752, 0.794, 0.832, 0.867, 0.897, 0.922, 0.937]","[0.506, 0.557, 0.606, 0.653, 0.697, 0.739, 0.734, 0.815, 0.848, 0.877, 0.9, 0.914]",0.000353,"[1, 2, 3, 4, 5, 6, 7, 8, 9, 10, 11, 12]",Gradient clipping was enabled with the same limit in every epoch.,healthy,"Across 12 epochs, training loss decreased from 1.565 to 0.144 and validation loss decreased from 1.664 to 0.206. The final training and validation metrics remained close at 0.937 and 0.914.",Repeat the run with another random seed to check that the result is reproducible.
synthetic_v3_data_leakage_suspected_044,controlled_synthetic_v3,train,controlled_cnn,image_classification,"[0.42, 0.323, 0.235, 0.158, 0.096, 0.058]","[0.38, 0.286, 0.201, 0.127, 0.067, 0.03]","[0.84, 0.881, 0.918, 0.951, 0.978, 0.994]","[0.88, 0.911, 0.938, 0.963, 0.982, 0.994]",0.001,"[1, 2, 3, 4, 5, 6]",A feature audit found that the input column named target_copy exactly matched the target for every training and validation sample. Clean holdout metric was 0.61.,data_leakage_suspected,"The target_copy input feature directly revealed the target in both splits. Validation metric was 0.994, but it fell to 0.610 after removing that feature on a clean holdout.","Remove the overlap, retrain from scratch, and verify the result on a clean holdout."
synthetic_v3_data_leakage_suspected_003,controlled_synthetic_v3,train,controlled_tabular_net,binary_classification,"[0.42, 0.32, 0.23, 0.151, 0.087, 0.047]","[0.38, 0.287, 0.204, 0.131, 0.071, 0.035]","[0.84, 0.88, 0.916, 0.948, 0.973, 0.989]","[0.88, 0.91, 0.937, 0.961, 0.98, 0.992]",0.001,"[1, 2, 3, 4, 5, 6]",A group audit found that records from the same patients appeared in both training and validation instead of being split by patient ID.,data_leakage_suspected,"The same patients occurred in both splits, so related records could leak patient-specific information into validation.","Create a new clean split before preprocessing, remove the leakage source, and evaluate the same configuration on an untouched holdout set."
synthetic_v3_underfitting_021,controlled_synthetic_v3,train,controlled_tabular_net,binary_classification,"[2.019, 1.812, 1.648, 1.524, 1.437, 1.382, 1.355, 1.349]","[2.074, 1.871, 1.709, 1.588, 1.502, 1.448, 1.422, 1.416]","[0.271, 0.334, 0.384, 0.421, 0.448, 0.465, 0.473, 0.475]","[0.265, 0.323, 0.369, 0.404, 0.428, 0.443, 0.451, 0.453]",0.001346,"[1, 2, 3, 4, 5, 6, 7, 8]",Both splits reached a similarly weak plateau near the end.,underfitting,Training remained poor after 8 epochs: training loss was 1.349 and training metric was 0.475. Validation values were similarly poor at 1.416 loss and 0.453 metric.,"Train for more epochs and, if training remains poor, test a larger model."
synthetic_v3_learning_rate_too_low_046,controlled_synthetic_v3,train,controlled_encoder,text_classification,"[1.411, 1.407, 1.404, 1.4, 1.396, 1.392, 1.388, 1.384, 1.38, 1.377, 1.373, 1.369, 1.365, 1.361, 1.357]","[1.471, 1.468, 1.465, 1.462, 1.459, 1.456, 1.452, 1.449, 1.446, 1.443, 1.44, 1.437, 1.434, 1.43, 1.427]","[0.369, 0.372, 0.374, 0.377, 0.38, 0.382, 0.385, 0.388, 0.391, 0.393, 0.396, 0.399, 0.401, 0.404, 0.407]","[0.359, 0.361, 0.362, 0.364, 0.366, 0.368, 0.37, 0.372, 0.373, 0.375, 0.377, 0.379, 0.381, 0.383, 0.384]",1.4e-06,"[1, 2, 3, 4, 5, 6, 7, 8, 9, 10, 11, 12, 13, 14, 15]",The same architecture was used for the complete experiment.,learning_rate_too_low,The curves moved in the right direction but very slowly: over 15 epochs training loss changed by just 0.054 and the metric changed by 0.038.,Try a learning rate ten times larger while keeping the other settings fixed.
synthetic_v3_healthy_018,controlled_synthetic_v3,train,controlled_mlp,binary_classification,"[1.413, 1.244, 1.083, 0.93, 0.786, 0.651, 0.526, 0.413, 0.315, 0.235, 0.186]","[1.521, 1.342, 1.172, 1.009, 0.856, 0.871, 0.58, 0.46, 0.356, 0.271, 0.219]","[0.481, 0.544, 0.605, 0.663, 0.718, 0.769, 0.816, 0.859, 0.896, 0.927, 0.945]","[0.479, 0.538, 0.594, 0.647, 0.697, 0.692, 0.788, 0.827, 0.861, 0.889, 0.906]",0.002462,"[1, 2, 3, 4, 5, 6, 7, 8, 9, 10, 11]",No checkpoints were removed from the recorded history.,healthy,"Across 11 epochs, training loss decreased from 1.413 to 0.186 and validation loss decreased from 1.521 to 0.219. The final training and validation metrics remained close at 0.945 and 0.906.",Repeat the run with another random seed to check that the result is reproducible.
synthetic_v3_underfitting_023,controlled_synthetic_v3,train,controlled_sequence_net,sequence_classification,"[1.967, 1.892, 1.826, 1.77, 1.723, 1.685, 1.655, 1.632, 1.616, 1.605, 1.6, 1.599]","[2.034, 1.953, 1.883, 1.823, 1.772, 1.731, 1.698, 1.674, 1.656, 1.645, 1.64, 1.639]","[0.295, 0.347, 0.391, 0.429, 0.461, 0.488, 0.508, 0.524, 0.535, 0.542, 0.545, 0.546]","[0.281, 0.331, 0.374, 0.411, 0.442, 0.467, 0.488, 0.503, 0.513, 0.52, 0.523, 0.524]",0.001988,"[1, 2, 3, 4, 5, 6, 7, 8, 9, 10, 11, 12]",The model still performed poorly on its own training examples.,underfitting,"The model still performed poorly on its training data after 12 epochs, with a 0.546 training metric. Validation was similarly weak at 0.524.",Continue training and compare the result with a larger architecture using the same split.
synthetic_v3_underfitting_012,controlled_synthetic_v3,train,controlled_mlp,binary_classification,"[2.217, 2.006, 1.834, 1.698, 1.595, 1.523, 1.478, 1.455, 1.45]","[2.301, 2.078, 1.894, 1.749, 1.64, 1.563, 1.514, 1.491, 1.485]","[0.362, 0.382, 0.398, 0.411, 0.421, 0.428, 0.432, 0.435, 0.435]","[0.362, 0.371, 0.379, 0.386, 0.391, 0.394, 0.396, 0.397, 0.397]",0.002655,"[1, 2, 3, 4, 5, 6, 7, 8, 9]",Gradient clipping was enabled with the same limit in every epoch.,underfitting,Training remained poor after 9 epochs: training loss was 1.450 and training metric was 0.435. Validation values were similarly poor at 1.485 loss and 0.397 metric.,"Train for more epochs and, if training remains poor, test a larger model."
synthetic_v3_underfitting_035,controlled_synthetic_v3,train,controlled_sequence_net,sequence_classification,"[2.218, 2.008, 1.827, 1.676, 1.552, 1.454, 1.38, 1.328, 1.295, 1.279, 1.275]","[2.278, 2.069, 1.89, 1.74, 1.617, 1.52, 1.446, 1.395, 1.362, 1.346, 1.343]","[0.332, 0.369, 0.401, 0.428, 0.45, 0.467, 0.481, 0.49, 0.495, 0.498, 0.499]","[0.318, 0.354, 0.385, 0.411, 0.433, 0.449, 0.462, 0.471, 0.477, 0.48, 0.48]",0.000504,"[1, 2, 3, 4, 5, 6, 7, 8, 9, 10, 11]",Adding a few extra epochs caused almost no change after the plateau.,underfitting,"The model still performed poorly on its training data after 11 epochs, with a 0.499 training metric. Validation was similarly weak at 0.480.",Continue training and compare the result with a larger architecture using the same split.
synthetic_v3_underfitting_039,controlled_synthetic_v3,train,controlled_tabular_net,binary_classification,"[2.206, 2.049, 1.914, 1.801, 1.709, 1.636, 1.581, 1.542, 1.517, 1.505, 1.503]","[2.231, 2.087, 1.964, 1.861, 1.776, 1.709, 1.659, 1.623, 1.601, 1.59, 1.587]","[0.309, 0.344, 0.374, 0.399, 0.42, 0.436, 0.448, 0.457, 0.462, 0.465, 0.465]","[0.308, 0.34, 0.367, 0.389, 0.408, 0.422, 0.433, 0.441, 0.446, 0.448, 0.449]",0.000605,"[1, 2, 3, 4, 5, 6, 7, 8, 9, 10, 11]","Optimization was stable, yet the small architecture could not fit the training data.",underfitting,Training remained poor after 11 epochs: training loss was 1.503 and training metric was 0.465. Validation values were similarly poor at 1.587 loss and 0.449 metric.,"Train for more epochs and, if training remains poor, test a larger model."
synthetic_v3_healthy_035,controlled_synthetic_v3,train,controlled_sequence_net,sequence_classification,"[1.439, 1.222, 1.017, 0.825, 0.648, 0.487, 0.348, 0.234, 0.165]","[1.475, 1.265, 1.066, 0.88, 0.709, 0.554, 0.419, 0.309, 0.241]","[0.42, 0.508, 0.591, 0.669, 0.74, 0.805, 0.862, 0.908, 0.936]","[0.4, 0.484, 0.563, 0.637, 0.706, 0.767, 0.822, 0.865, 0.892]",0.001194,"[1, 2, 3, 4, 5, 6, 7, 8, 9]",Validation had one small wobble before returning to its improving trend.,healthy,"Training and validation followed the same improving trend: losses ended at 0.165 and 0.241, while their metrics reached 0.936 and 0.892.",Repeat the experiment once more to confirm that the stable result is reproducible.
synthetic_v3_underfitting_042,controlled_synthetic_v3,train,controlled_mlp,binary_classification,"[2.06, 1.951, 1.86, 1.786, 1.727, 1.683, 1.651, 1.632, 1.622, 1.62]","[2.144, 2.035, 1.943, 1.868, 1.809, 1.764, 1.733, 1.713, 1.703, 1.701]","[0.26, 0.32, 0.37, 0.411, 0.443, 0.468, 0.485, 0.496, 0.501, 0.502]","[0.244, 0.301, 0.349, 0.388, 0.419, 0.442, 0.459, 0.469, 0.474, 0.476]",0.001303,"[1, 2, 3, 4, 5, 6, 7, 8, 9, 10]",Batch size and optimizer settings stayed fixed during the run.,underfitting,Training remained poor after 10 epochs: training loss was 1.620 and training metric was 0.502. Validation values were similarly poor at 1.701 loss and 0.476 metric.,"Train for more epochs and, if training remains poor, test a larger model."
synthetic_v3_learning_rate_too_low_018,controlled_synthetic_v3,train,controlled_mlp,binary_classification,"[1.594, 1.586, 1.579, 1.571, 1.564, 1.556, 1.548, 1.541, 1.533, 1.525, 1.518, 1.51, 1.503, 1.495, 1.487]","[1.654, 1.647, 1.64, 1.633, 1.626, 1.619, 1.613, 1.606, 1.599, 1.592, 1.585, 1.578, 1.571, 1.564, 1.557]","[0.352, 0.354, 0.356, 0.359, 0.361, 0.363, 0.365, 0.367, 0.37, 0.372, 0.374, 0.376, 0.378, 0.381, 0.383]","[0.342, 0.343, 0.344, 0.346, 0.347, 0.348, 0.349, 0.351, 0.352, 0.353, 0.355, 0.356, 0.357, 0.358, 0.36]",5.8e-06,"[1, 2, 3, 4, 5, 6, 7, 8, 9, 10, 11, 12, 13, 14, 15]",No checkpoints were removed from the recorded history.,learning_rate_too_low,"Training loss decreased consistently by only 0.107, from 1.594 to 1.487, across 15 epochs, while the training metric improved by only 0.031.",Increase the learning rate by about 10x and run the same experiment again.
synthetic_v3_insufficient_evidence_001,controlled_synthetic_v3,train,controlled_mlp,multiclass_classification,"[1.34, 1.103, 0.888, 0.701, 0.548, 0.456]",[],"[0.425, 0.514, 0.594, 0.664, 0.721, 0.756]",[],0.001,"[1, 2, 3, 4, 5, 6]",Validation loss and validation metric were not recorded.,insufficient_evidence,"Validation loss and validation metric are missing, so generalization cannot be compared with training performance.",Run the experiment again with validation loss and validation metric logging enabled.
synthetic_v3_overfitting_027,controlled_synthetic_v3,train,controlled_tabular_net,binary_classification,"[1.368, 1.196, 1.031, 0.875, 0.727, 0.589, 0.461, 0.346, 0.245, 0.163, 0.113]","[1.428, 1.005, 0.662, 0.453, 0.529, 0.603, 0.676, 0.747, 0.816, 0.881, 0.939]","[0.54, 0.601, 0.659, 0.715, 0.767, 0.816, 0.861, 0.902, 0.938, 0.967, 0.985]","[0.53, 0.681, 0.803, 0.878, 0.833, 0.789, 0.746, 0.704, 0.663, 0.624, 0.591]",0.001334,"[1, 2, 3, 4, 5, 6, 7, 8, 9, 10, 11]",No early stopping was used after the validation score peaked.,overfitting,"Validation performance was best at epoch 4 and became worse afterward, even though training loss kept falling to 0.113.",Restore the checkpoint from epoch 4 and test early stopping.
synthetic_v3_insufficient_evidence_029,controlled_synthetic_v3,train,controlled_sequence_net,sequence_classification,"[1.302, 1.062, 0.844, 0.655, 0.5, 0.406]","[1.353, 1.117, 0.904, 0.718, 0.566, 0.474]","[0.376, 0.488, 0.589, 0.677, 0.749, 0.793]",[],0.001,"[1, 2, 3, 4, 5, 6]","Validation loss exists, but the validation metric and metric definition are missing.",insufficient_evidence,"The validation metric and its definition were not recorded, so the available information is incomplete and does not support a reliable diagnosis.","Record the validation metric and its definition, then rerun the evaluation."
synthetic_v3_healthy_046,controlled_synthetic_v3,train,controlled_encoder,text_classification,"[1.646, 1.399, 1.165, 0.947, 0.745, 0.563, 0.404, 0.275, 0.196]","[1.699, 1.451, 1.216, 0.996, 0.793, 0.61, 0.45, 0.32, 0.241]","[0.478, 0.559, 0.635, 0.707, 0.773, 0.833, 0.885, 0.928, 0.954]","[0.462, 0.54, 0.614, 0.682, 0.746, 0.803, 0.853, 0.894, 0.919]",0.001041,"[1, 2, 3, 4, 5, 6, 7, 8, 9]",The same architecture was used for the complete experiment.,healthy,"Both splits improved over 9 epochs. Final losses were 0.196 for training and 0.241 for validation, with final metrics of 0.954 and 0.919.",Run the same configuration with a second seed and compare the final metrics.
synthetic_v3_data_leakage_suspected_033,controlled_synthetic_v3,train,controlled_tabular_net,binary_classification,"[0.42, 0.321, 0.232, 0.154, 0.091, 0.053]","[0.38, 0.283, 0.194, 0.117, 0.055, 0.017]","[0.84, 0.881, 0.919, 0.952, 0.978, 0.994]","[0.88, 0.911, 0.938, 0.962, 0.982, 0.994]",0.001,"[1, 2, 3, 4, 5, 6]",A group audit found that records from the same patients appeared in both training and validation instead of being split by patient ID.,data_leakage_suspected,"The same patients occurred in both splits, so related records could leak patient-specific information into validation.","Create a new clean split before preprocessing, remove the leakage source, and evaluate the same configuration on an untouched holdout set."
synthetic_v3_learning_rate_too_high_014,controlled_synthetic_v3,train,controlled_cnn,image_classification,"[1.306, 2.019, 1.422, 2.588, 0.92, 2.946, 0.96, 3.142, 0.806, 3.388]","[1.464, 2.103, 1.551, 2.713, 1.057, 3.102, 1.124, 3.232, 0.987, 3.545]","[0.5, 0.376, 0.596, 0.361, 0.588, 0.241, 0.585, 0.325, 0.535, 0.249]","[0.462, 0.345, 0.578, 0.335, 0.558, 0.226, 0.549, 0.315, 0.519, 0.235]",0.2552,"[1, 2, 3, 4, 5, 6, 7, 8, 9, 10]",Data augmentation settings stayed unchanged during training.,learning_rate_too_high,"The large recurring loss spikes were paired with metric drops, such as 0.500 to 0.376 between epochs 1 and 2.",Reduce the learning rate first and check whether the loss begins to converge smoothly.
synthetic_v3_overfitting_001,controlled_synthetic_v3,train,controlled_mlp,multiclass_classification,"[1.644, 1.455, 1.273, 1.098, 0.933, 0.776, 0.63, 0.495, 0.373, 0.266, 0.18, 0.127]","[1.734, 0.854, 0.317, 0.396, 0.473, 0.55, 0.625, 0.699, 0.771, 0.841, 0.907, 0.964]","[0.53, 0.583, 0.635, 0.684, 0.73, 0.774, 0.816, 0.854, 0.888, 0.918, 0.942, 0.957]","[0.52, 0.688, 0.791, 0.768, 0.746, 0.724, 0.703, 0.682, 0.661, 0.641, 0.622, 0.606]",0.001528,"[1, 2, 3, 4, 5, 6, 7, 8, 9, 10, 11, 12]",The best validation checkpoint occurred before the final epoch.,overfitting,"After epoch 3, training continued improving to 0.127 loss, but validation loss moved in the opposite direction and finished at 0.964.",Use epoch 3 as the early-stopping point and compare it with the final checkpoint.
synthetic_v3_learning_rate_too_low_026,controlled_synthetic_v3,train,controlled_cnn,image_classification,"[1.826, 1.818, 1.809, 1.801, 1.792, 1.784, 1.775, 1.767, 1.759, 1.75, 1.742, 1.733, 1.725, 1.716, 1.708, 1.7]","[1.886, 1.878, 1.871, 1.863, 1.855, 1.847, 1.839, 1.832, 1.824, 1.816, 1.808, 1.801, 1.793, 1.785, 1.777, 1.77]","[0.412, 0.417, 0.423, 0.428, 0.433, 0.438, 0.444, 0.449, 0.454, 0.46, 0.465, 0.47, 0.476, 0.481, 0.486, 0.492]","[0.402, 0.407, 0.411, 0.416, 0.421, 0.426, 0.43, 0.435, 0.44, 0.444, 0.449, 0.454, 0.459, 0.463, 0.468, 0.473]",5.9e-06,"[1, 2, 3, 4, 5, 6, 7, 8, 9, 10, 11, 12, 13, 14, 15, 16]",The same architecture was used for the complete experiment.,learning_rate_too_low,"Despite 16 stable epochs, training loss only moved from 1.826 to 1.700, leaving performance poor within the available budget.",Raise the learning rate and compare how much progress is made in the same epoch budget.
synthetic_v3_data_leakage_suspected_030,controlled_synthetic_v3,train,controlled_mlp,binary_classification,"[0.42, 0.321, 0.232, 0.153, 0.09, 0.051]","[0.38, 0.284, 0.196, 0.12, 0.058, 0.021]","[0.84, 0.879, 0.915, 0.945, 0.971, 0.986]","[0.88, 0.911, 0.939, 0.963, 0.983, 0.995]",0.001,"[1, 2, 3, 4, 5, 6]",A split audit found 345 identical samples in both the training and validation sets. Accuracy on a deduplicated holdout was 0.68.,data_leakage_suspected,"The split audit found 345 exact duplicates shared by the training and validation sets. Validation metric was 0.995, but the deduplicated holdout metric was 0.680.","Create a new clean split before preprocessing, remove the leakage source, and evaluate the same configuration on an untouched holdout set."
synthetic_v3_insufficient_evidence_040,controlled_synthetic_v3,train,controlled_encoder,text_classification,[1.782],[1.827],[0.604],[0.585],0.001,[1],The run completed without hardware or logging errors.,insufficient_evidence,"Only one epoch is available, so no training or validation trend can be established.",Continue training for more epochs and record both training and validation metrics.
synthetic_v3_healthy_043,controlled_synthetic_v3,train,controlled_mlp,multiclass_classification,"[1.317, 1.181, 1.051, 0.926, 0.808, 0.696, 0.591, 0.495, 0.407, 0.331, 0.269, 0.231]","[1.391, 1.252, 1.118, 0.99, 0.868, 0.753, 0.646, 0.546, 0.457, 0.378, 0.315, 0.276]","[0.481, 0.534, 0.584, 0.632, 0.678, 0.721, 0.761, 0.799, 0.832, 0.862, 0.886, 0.9]","[0.458, 0.509, 0.557, 0.603, 0.646, 0.688, 0.726, 0.762, 0.794, 0.822, 0.845, 0.859]",0.000588,"[1, 2, 3, 4, 5, 6, 7, 8, 9, 10, 11, 12]",A second seed produced a similar smooth improvement on both splits.,healthy,"Both splits improved over 12 epochs. Final losses were 0.231 for training and 0.276 for validation, with final metrics of 0.900 and 0.859.",Run the same configuration with a second seed and compare the final metrics.
synthetic_v3_learning_rate_too_high_047,controlled_synthetic_v3,train,controlled_sequence_net,sequence_classification,"[0.822, 2.519, 1.14, 1.9, 0.814, 2.806, 1.183, 2.357]","[0.963, 2.624, 1.301, 2.094, 0.938, 2.893, 1.29, 2.492]","[0.534, 0.312, 0.521, 0.318, 0.557, 0.221, 0.564, 0.24]","[0.514, 0.277, 0.482, 0.299, 0.531, 0.19, 0.553, 0.225]",0.0851,"[1, 2, 3, 4, 5, 6, 7, 8]",Neither split settled into a downward trend during the run.,learning_rate_too_high,"The large recurring loss spikes were paired with metric drops, such as 0.534 to 0.312 between epochs 1 and 2.",Reduce the learning rate first and check whether the loss begins to converge smoothly.
synthetic_v3_underfitting_033,controlled_synthetic_v3,train,controlled_tabular_net,binary_classification,"[2.215, 1.952, 1.744, 1.587, 1.476, 1.407, 1.373, 1.365]","[2.291, 2.017, 1.8, 1.636, 1.521, 1.449, 1.413, 1.405]","[0.342, 0.386, 0.42, 0.447, 0.465, 0.477, 0.483, 0.484]","[0.342, 0.382, 0.414, 0.438, 0.455, 0.465, 0.47, 0.472]",0.00114,"[1, 2, 3, 4, 5, 6, 7, 8]",The model still performed poorly on its own training examples.,underfitting,Training remained poor after 8 epochs: training loss was 1.365 and training metric was 0.484. Validation values were similarly poor at 1.405 loss and 0.472 metric.,"Train for more epochs and, if training remains poor, test a larger model."
synthetic_v3_learning_rate_too_high_049,controlled_synthetic_v3,train,controlled_mlp,multiclass_classification,"[0.959, 2.952, 1.352, 2.968, 1.405, 2.849, 0.891, 2.836, 0.953, 2.418, 1.221, 3.372]","[1.117, 3.147, 1.492, 3.131, 1.524, 2.943, 1.013, 2.974, 1.101, 2.578, 1.351, 3.542]","[0.576, 0.251, 0.577, 0.345, 0.528, 0.205, 0.472, 0.321, 0.48, 0.335, 0.474, 0.252]","[0.558, 0.216, 0.546, 0.326, 0.495, 0.194, 0.438, 0.308, 0.444, 0.303, 0.438, 0.22]",0.1903,"[1, 2, 3, 4, 5, 6, 7, 8, 9, 10, 11, 12]",Gradient clipping did not remove the recurring oscillations.,learning_rate_too_high,"Loss oscillated throughout 12 epochs, including increases from 0.959 to 2.952 and from 1.352 to 2.968; the run did not converge.",Repeat the configuration with a learning rate ten times smaller.
synthetic_v3_overfitting_021,controlled_synthetic_v3,train,controlled_tabular_net,binary_classification,"[1.382, 1.207, 1.039, 0.879, 0.729, 0.588, 0.458, 0.34, 0.237, 0.154, 0.103]","[1.441, 0.745, 0.321, 0.391, 0.459, 0.527, 0.593, 0.657, 0.72, 0.779, 0.83]","[0.462, 0.531, 0.598, 0.661, 0.721, 0.777, 0.829, 0.876, 0.916, 0.95, 0.97]","[0.452, 0.693, 0.84, 0.81, 0.78, 0.75, 0.722, 0.694, 0.666, 0.641, 0.618]",0.002353,"[1, 2, 3, 4, 5, 6, 7, 8, 9, 10, 11]",The best validation checkpoint occurred before the final epoch.,overfitting,"After epoch 3, training continued improving to 0.103 loss, but validation loss moved in the opposite direction and finished at 0.830.",Restore the checkpoint from epoch 3 and test early stopping.
synthetic_v3_insufficient_evidence_048,controlled_synthetic_v3,train,controlled_mlp,binary_classification,"[1.269, 1.037, 0.857, 0.73, 0.635]","[1.329, 1.099, 0.905, 0.768, 0.693]","[0.616, 0.576, 0.536, 0.496, 0.456]","[0.603, 0.548, 0.516, 0.477, 0.44]",0.001,"[1, 2, 3, 4, 5]",No learning-rate scheduler was enabled.,insufficient_evidence,"The losses improve but both recorded metrics become worse, so the logs are contradictory and may use an unknown metric direction or contain a logging error.","Verify the metric definition and logging code, then repeat the run before diagnosing it."
synthetic_v3_learning_rate_too_low_045,controlled_synthetic_v3,train,controlled_tabular_net,binary_classification,"[1.607, 1.601, 1.594, 1.587, 1.581, 1.574, 1.567, 1.561, 1.554, 1.548, 1.541, 1.534, 1.528]","[1.667, 1.661, 1.656, 1.65, 1.644, 1.638, 1.632, 1.627, 1.621, 1.615, 1.609, 1.603, 1.598]","[0.314, 0.319, 0.324, 0.33, 0.335, 0.34, 0.345, 0.351, 0.356, 0.361, 0.367, 0.372, 0.377]","[0.304, 0.308, 0.313, 0.317, 0.322, 0.326, 0.331, 0.335, 0.339, 0.344, 0.348, 0.353, 0.357]",6.3e-06,"[1, 2, 3, 4, 5, 6, 7, 8, 9, 10, 11, 12, 13]",The curves moved in the correct direction at an impractically slow pace.,learning_rate_too_low,"Training loss decreased consistently by only 0.079, from 1.607 to 1.528, across 13 epochs, while the training metric improved by only 0.063.",Increase the learning rate by about 10x and run the same experiment again.
human_seed_000,human_seed,train,demo_mlp,binary_classification,"[1.10, 0.72, 0.44, 0.23, 0.11]","[1.14, 0.78, 0.56, 0.62, 0.81]","[0.51, 0.67, 0.81, 0.92, 0.97]","[0.50, 0.64, 0.76, 0.73, 0.66]",0.001,"[1, 2, 3, 4, 5]",No early stopping was used.,overfitting,"After epoch 3, training loss decreases from 0.44 to 0.11 while validation loss increases from 0.56 to 0.81.",Restore the checkpoint from epoch 3 and test early stopping.
synthetic_v3_insufficient_evidence_009,controlled_synthetic_v3,train,controlled_tabular_net,binary_classification,"[1.516, 1.235, 0.981, 0.758, 0.578, 0.468]","[1.561, 1.286, 1.037, 0.82, 0.644, 0.536]","[0.391, 0.504, 0.606, 0.695, 0.768, 0.812]",[],0.001,"[1, 2, 3, 4, 5, 6]","Validation loss exists, but the validation metric and metric definition are missing.",insufficient_evidence,"The validation metric and its definition were not recorded, so the available information is incomplete and does not support a reliable diagnosis.","Record the validation metric and its definition, then rerun the evaluation."
synthetic_v3_insufficient_evidence_014,controlled_synthetic_v3,train,controlled_cnn,image_classification,"[1.567, 1.256, 0.974, 0.729, 0.529, 0.407]","[1.611, 1.307, 1.033, 0.793, 0.598, 0.479]","[0.353, 0.471, 0.578, 0.671, 0.747, 0.793]",[],0.001,"[1, 2, 3, 4, 5, 6]",Data augmentation settings stayed unchanged during training.,insufficient_evidence,"The validation metric and its definition were not recorded, so the available information is incomplete and does not support a reliable diagnosis.","Record the validation metric and its definition, then rerun the evaluation."
synthetic_v3_learning_rate_too_low_047,controlled_synthetic_v3,train,controlled_sequence_net,sequence_classification,"[1.473, 1.469, 1.465, 1.46, 1.456, 1.452, 1.447, 1.443, 1.439, 1.434, 1.43, 1.426, 1.421, 1.417, 1.413, 1.408]","[1.533, 1.53, 1.526, 1.522, 1.519, 1.515, 1.511, 1.508, 1.504, 1.5, 1.497, 1.493, 1.489, 1.486, 1.482, 1.478]","[0.411, 0.414, 0.418, 0.422, 0.426, 0.429, 0.433, 0.437, 0.44, 0.444, 0.448, 0.452, 0.455, 0.459, 0.463, 0.467]","[0.401, 0.404, 0.407, 0.41, 0.414, 0.417, 0.42, 0.423, 0.426, 0.43, 0.433, 0.436, 0.439, 0.442, 0.446, 0.449]",9.7e-06,"[1, 2, 3, 4, 5, 6, 7, 8, 9, 10, 11, 12, 13, 14, 15, 16]",The available epoch budget ended before the model reached a useful result.,learning_rate_too_low,"Despite 16 stable epochs, training loss only moved from 1.473 to 1.408, leaving performance poor within the available budget.",Raise the learning rate and compare how much progress is made in the same epoch budget.
synthetic_v3_underfitting_026,controlled_synthetic_v3,train,controlled_cnn,image_classification,"[1.851, 1.786, 1.732, 1.687, 1.652, 1.625, 1.607, 1.595, 1.589, 1.588]","[1.933, 1.87, 1.817, 1.773, 1.739, 1.713, 1.695, 1.683, 1.678, 1.676]","[0.365, 0.382, 0.396, 0.408, 0.418, 0.425, 0.43, 0.433, 0.434, 0.435]","[0.358, 0.369, 0.378, 0.385, 0.391, 0.396, 0.399, 0.401, 0.402, 0.402]",0.000828,"[1, 2, 3, 4, 5, 6, 7, 8, 9, 10]",The same architecture was used for the complete experiment.,underfitting,"The model still performed poorly on its training data after 10 epochs, with a 0.435 training metric. Validation was similarly weak at 0.402.",Continue training and compare the result with a larger architecture using the same split.
synthetic_v3_learning_rate_too_high_045,controlled_synthetic_v3,train,controlled_tabular_net,binary_classification,"[0.98, 3.242, 1.419, 2.302, 1.263, 2.459, 0.99, 2.071, 1.03]","[1.115, 3.422, 1.582, 2.439, 1.394, 2.645, 1.09, 2.167, 1.197]","[0.597, 0.352, 0.466, 0.364, 0.522, 0.302, 0.516, 0.31, 0.567]","[0.569, 0.316, 0.43, 0.332, 0.485, 0.278, 0.491, 0.273, 0.544]",0.0658,"[1, 2, 3, 4, 5, 6, 7, 8, 9]",Large loss jumps continued even though the batch size stayed fixed.,learning_rate_too_high,"Training loss repeatedly jumped from 0.980 at epoch 1 to 3.242 at epoch 2 and from 1.419 at epoch 3 to 2.302 at epoch 4, with no stable downward trend.",Lower the learning rate by about 10x and run the same experiment again.
synthetic_v3_overfitting_010,controlled_synthetic_v3,train,controlled_encoder,text_classification,"[1.156, 1.008, 0.867, 0.732, 0.606, 0.487, 0.377, 0.278, 0.192, 0.122, 0.079]","[1.248, 0.697, 0.361, 0.454, 0.545, 0.635, 0.724, 0.81, 0.893, 0.972, 1.041]","[0.471, 0.54, 0.605, 0.668, 0.727, 0.782, 0.833, 0.879, 0.919, 0.951, 0.971]","[0.461, 0.678, 0.811, 0.793, 0.775, 0.757, 0.739, 0.722, 0.706, 0.69, 0.677]",0.001193,"[1, 2, 3, 4, 5, 6, 7, 8, 9, 10, 11]",The optimizer state was reset before training started.,overfitting,"The generalization gap grew after epoch 3: the final training metric was 0.971, while the validation metric fell to 0.677.",Use epoch 3 as the early-stopping point and compare it with the final checkpoint.
synthetic_v3_insufficient_evidence_039,controlled_synthetic_v3,train,controlled_tabular_net,binary_classification,"[1.433, 1.172, 0.936, 0.73, 0.563, 0.461]","[1.465, 1.212, 0.984, 0.785, 0.623, 0.524]","[0.409, 0.52, 0.62, 0.707, 0.778, 0.822]",[],0.001,"[1, 2, 3, 4, 5, 6]","Validation loss exists, but the validation metric and metric definition are missing.",insufficient_evidence,"The validation metric and its definition were not recorded, so the available information is incomplete and does not support a reliable diagnosis.","Record the validation metric and its definition, then rerun the evaluation."
synthetic_v3_learning_rate_too_low_005,controlled_synthetic_v3,train,controlled_sequence_net,sequence_classification,"[1.678, 1.674, 1.669, 1.664, 1.659, 1.655, 1.65, 1.645, 1.64, 1.636, 1.631, 1.626, 1.621, 1.617]","[1.738, 1.734, 1.73, 1.726, 1.722, 1.718, 1.714, 1.71, 1.706, 1.703, 1.699, 1.695, 1.691, 1.687]","[0.37, 0.373, 0.377, 0.38, 0.383, 0.387, 0.39, 0.393, 0.396, 0.4, 0.403, 0.406, 0.41, 0.413]","[0.36, 0.363, 0.366, 0.368, 0.371, 0.374, 0.377, 0.38, 0.382, 0.385, 0.388, 0.391, 0.394, 0.396]",7.4e-06,"[1, 2, 3, 4, 5, 6, 7, 8, 9, 10, 11, 12, 13, 14]",The curves moved in the correct direction at an impractically slow pace.,learning_rate_too_low,"Despite 14 stable epochs, training loss only moved from 1.678 to 1.617, leaving performance poor within the available budget.",Raise the learning rate and compare how much progress is made in the same epoch budget.
synthetic_v3_healthy_010,controlled_synthetic_v3,train,controlled_encoder,text_classification,"[1.783, 1.551, 1.33, 1.122, 0.927, 0.748, 0.585, 0.443, 0.328, 0.258]","[1.814, 1.589, 1.374, 1.172, 0.982, 0.808, 0.65, 0.512, 0.4, 0.331]","[0.486, 0.555, 0.62, 0.682, 0.739, 0.793, 0.841, 0.883, 0.917, 0.938]","[0.478, 0.543, 0.604, 0.662, 0.716, 0.766, 0.811, 0.851, 0.883, 0.902]",0.000601,"[1, 2, 3, 4, 5, 6, 7, 8, 9, 10]",The optimizer state was reset before training started.,healthy,"Both splits improved over 10 epochs. Final losses were 0.258 for training and 0.331 for validation, with final metrics of 0.938 and 0.902.",Run the same configuration with a second seed and compare the final metrics.
synthetic_v3_data_leakage_suspected_001,controlled_synthetic_v3,train,controlled_mlp,multiclass_classification,"[0.42, 0.323, 0.234, 0.158, 0.095, 0.057]","[0.38, 0.286, 0.2, 0.126, 0.065, 0.028]","[0.84, 0.878, 0.912, 0.942, 0.966, 0.981]","[0.88, 0.91, 0.938, 0.962, 0.981, 0.993]",0.001,"[1, 2, 3, 4, 5, 6]",The scaler and feature selector were fitted on the complete dataset before the train-validation split. Metric on a clean holdout was 0.64.,data_leakage_suspected,"Preprocessing was fitted before the split, so validation information entered the training pipeline. Validation metric was 0.993, compared with 0.640 on a clean holdout.","Rebuild the splits around independent groups, then rerun preprocessing and training."
synthetic_v3_insufficient_evidence_017,controlled_synthetic_v3,train,controlled_sequence_net,sequence_classification,"[1.027, 0.774]","[1.063, 0.833]",[],[],0.001,"[1, 2]",Only two epochs and no accuracy metrics were recorded.,insufficient_evidence,"Only two epochs are available and both training and validation metrics are missing, so the early loss decrease does not support a specific diagnosis.",Collect more epochs and record training and validation metrics before diagnosing the run again.
synthetic_v3_data_leakage_suspected_035,controlled_synthetic_v3,train,controlled_sequence_net,sequence_classification,"[0.42, 0.313, 0.217, 0.133, 0.065, 0.023]","[0.38, 0.283, 0.195, 0.119, 0.057, 0.019]","[0.84, 0.881, 0.919, 0.951, 0.978, 0.994]","[0.88, 0.911, 0.94, 0.965, 0.985, 0.997]",0.001,"[1, 2, 3, 4, 5, 6]",Source documents were divided by individual rows; paragraphs from the same documents occurred in both splits. Performance dropped to 0.66 when split by document.,data_leakage_suspected,"Paragraphs from the same source documents crossed the split boundary. The validation metric was 0.997, but a document-level holdout reached only 0.660.","Remove the overlap, retrain from scratch, and verify the result on a clean holdout."
synthetic_v3_learning_rate_too_low_022,controlled_synthetic_v3,train,controlled_encoder,text_classification,"[1.549, 1.538, 1.527, 1.517, 1.506, 1.495, 1.484, 1.473, 1.462, 1.452, 1.441, 1.43, 1.419]","[1.609, 1.599, 1.589, 1.579, 1.569, 1.559, 1.549, 1.539, 1.529, 1.519, 1.509, 1.499, 1.489]","[0.416, 0.422, 0.428, 0.434, 0.44, 0.446, 0.453, 0.459, 0.465, 0.471, 0.477, 0.483, 0.489]","[0.406, 0.411, 0.416, 0.421, 0.426, 0.431, 0.436, 0.441, 0.446, 0.451, 0.456, 0.461, 0.466]",9.6e-06,"[1, 2, 3, 4, 5, 6, 7, 8, 9, 10, 11, 12, 13]",Batch size and optimizer settings stayed fixed during the run.,learning_rate_too_low,The curves moved in the right direction but very slowly: over 13 epochs training loss changed by just 0.130 and the metric changed by 0.073.,Try a learning rate ten times larger while keeping the other settings fixed.
synthetic_v3_data_leakage_suspected_002,controlled_synthetic_v3,train,controlled_cnn,image_classification,"[0.42, 0.314, 0.218, 0.135, 0.067, 0.025]","[0.38, 0.281, 0.191, 0.113, 0.049, 0.01]","[0.84, 0.88, 0.916, 0.947, 0.972, 0.988]","[0.88, 0.912, 0.94, 0.965, 0.986, 0.998]",0.001,"[1, 2, 3, 4, 5, 6]",A feature audit found that the input column named target_copy exactly matched the target for every training and validation sample. Clean holdout metric was 0.61.,data_leakage_suspected,"The target_copy input feature directly revealed the target in both splits. Validation metric was 0.998, but it fell to 0.610 after removing that feature on a clean holdout.","Remove the overlap, retrain from scratch, and verify the result on a clean holdout."
synthetic_v3_learning_rate_too_low_024,controlled_synthetic_v3,train,controlled_mlp,binary_classification,"[1.552, 1.542, 1.531, 1.52, 1.51, 1.499, 1.488, 1.478, 1.467, 1.456, 1.446, 1.435]","[1.612, 1.603, 1.593, 1.583, 1.573, 1.564, 1.554, 1.544, 1.534, 1.525, 1.515, 1.505]","[0.408, 0.413, 0.417, 0.421, 0.426, 0.43, 0.434, 0.438, 0.443, 0.447, 0.451, 0.456]","[0.398, 0.402, 0.406, 0.409, 0.413, 0.416, 0.42, 0.423, 0.427, 0.431, 0.434, 0.438]",6.8e-06,"[1, 2, 3, 4, 5, 6, 7, 8, 9, 10, 11, 12]",Metrics were recorded once at the end of every epoch.,learning_rate_too_low,"Training loss decreased consistently by only 0.117, from 1.552 to 1.435, across 12 epochs, while the training metric improved by only 0.048.",Increase the learning rate by about 10x and run the same experiment again.
synthetic_v3_data_leakage_suspected_013,controlled_synthetic_v3,train,controlled_mlp,multiclass_classification,"[0.42, 0.317, 0.223, 0.142, 0.075, 0.035]","[0.38, 0.282, 0.194, 0.117, 0.054, 0.016]","[0.84, 0.881, 0.918, 0.95, 0.976, 0.992]","[0.88, 0.911, 0.938, 0.962, 0.982, 0.994]",0.001,"[1, 2, 3, 4, 5, 6]",The scaler and feature selector were fitted on the complete dataset before the train-validation split. Metric on a clean holdout was 0.64.,data_leakage_suspected,"Preprocessing was fitted before the split, so validation information entered the training pipeline. Validation metric was 0.994, compared with 0.640 on a clean holdout.","Rebuild the splits around independent groups, then rerun preprocessing and training."
synthetic_v3_data_leakage_suspected_010,controlled_synthetic_v3,train,controlled_encoder,text_classification,"[0.42, 0.317, 0.224, 0.143, 0.077, 0.037]","[0.38, 0.283, 0.195, 0.118, 0.056, 0.018]","[0.84, 0.881, 0.917, 0.949, 0.976, 0.991]","[0.88, 0.912, 0.94, 0.965, 0.986, 0.998]",0.001,"[1, 2, 3, 4, 5, 6]",Augmentation was applied before splitting and created 71 near-identical image pairs across training and validation.,data_leakage_suspected,The audit found 71 near-duplicate augmented images shared between the training and validation splits.,"Rebuild the splits around independent groups, then rerun preprocessing and training."
synthetic_v3_healthy_038,controlled_synthetic_v3,train,controlled_cnn,image_classification,"[1.419, 1.199, 0.992, 0.798, 0.619, 0.457, 0.316, 0.201, 0.131]","[1.509, 1.282, 1.069, 0.869, 0.684, 0.517, 0.371, 0.253, 0.181]","[0.413, 0.506, 0.594, 0.676, 0.752, 0.821, 0.881, 0.93, 0.959]","[0.391, 0.484, 0.572, 0.654, 0.73, 0.799, 0.859, 0.907, 0.937]",0.001135,"[1, 2, 3, 4, 5, 6, 7, 8, 9]",No checkpoints were removed from the recorded history.,healthy,"Training and validation followed the same improving trend: losses ended at 0.131 and 0.181, while their metrics reached 0.959 and 0.937.",Repeat the experiment once more to confirm that the stable result is reproducible.
synthetic_v3_learning_rate_too_high_018,controlled_synthetic_v3,train,controlled_mlp,binary_classification,"[1.057, 2.337, 1.235, 3.128, 1.307, 2.514, 1.1, 2.85, 0.919]","[1.216, 2.503, 1.41, 3.217, 1.506, 2.652, 1.228, 2.991, 1.109]","[0.554, 0.298, 0.569, 0.265, 0.584, 0.297, 0.546, 0.215, 0.565]","[0.524, 0.277, 0.54, 0.254, 0.544, 0.267, 0.524, 0.182, 0.526]",0.1576,"[1, 2, 3, 4, 5, 6, 7, 8, 9]",No checkpoints were removed from the recorded history.,learning_rate_too_high,"Training loss repeatedly jumped from 1.057 at epoch 1 to 2.337 at epoch 2 and from 1.235 at epoch 3 to 3.128 at epoch 4, with no stable downward trend.",Lower the learning rate by about 10x and run the same experiment again.
synthetic_v3_data_leakage_suspected_005,controlled_synthetic_v3,train,controlled_sequence_net,sequence_classification,"[0.42, 0.314, 0.218, 0.134, 0.066, 0.025]","[0.38, 0.285, 0.198, 0.123, 0.062, 0.024]","[0.84, 0.878, 0.913, 0.943, 0.967, 0.982]","[0.88, 0.911, 0.939, 0.963, 0.983, 0.995]",0.001,"[1, 2, 3, 4, 5, 6]",Source documents were divided by individual rows; paragraphs from the same documents occurred in both splits. Performance dropped to 0.66 when split by document.,data_leakage_suspected,"Paragraphs from the same source documents crossed the split boundary. The validation metric was 0.995, but a document-level holdout reached only 0.660.","Remove the overlap, retrain from scratch, and verify the result on a clean holdout."
synthetic_v3_underfitting_030,controlled_synthetic_v3,train,controlled_mlp,binary_classification,"[2.04, 1.851, 1.692, 1.562, 1.459, 1.381, 1.326, 1.292, 1.275, 1.271]","[2.09, 1.912, 1.762, 1.64, 1.543, 1.47, 1.418, 1.386, 1.37, 1.366]","[0.342, 0.379, 0.41, 0.435, 0.455, 0.471, 0.481, 0.488, 0.491, 0.492]","[0.34, 0.374, 0.403, 0.427, 0.445, 0.459, 0.469, 0.476, 0.479, 0.479]",0.000901,"[1, 2, 3, 4, 5, 6, 7, 8, 9, 10]",The optimizer state was reset before training started.,underfitting,Training remained poor after 10 epochs: training loss was 1.271 and training metric was 0.492. Validation values were similarly poor at 1.366 loss and 0.479 metric.,"Train for more epochs and, if training remains poor, test a larger model."
synthetic_v3_overfitting_028,controlled_synthetic_v3,train,controlled_encoder,text_classification,"[1.291, 1.129, 0.974, 0.827, 0.688, 0.558, 0.438, 0.33, 0.235, 0.158, 0.111]","[1.403, 0.765, 0.376, 0.495, 0.612, 0.726, 0.839, 0.949, 1.055, 1.156, 1.244]","[0.519, 0.582, 0.642, 0.699, 0.752, 0.803, 0.849, 0.891, 0.928, 0.958, 0.976]","[0.509, 0.676, 0.778, 0.769, 0.761, 0.752, 0.744, 0.736, 0.728, 0.721, 0.714]",0.000641,"[1, 2, 3, 4, 5, 6, 7, 8, 9, 10, 11]",No learning-rate scheduler was enabled.,overfitting,"Validation loss reached its lowest value of 0.376 at epoch 3, then increased to 1.244, while training loss continued decreasing to 0.111.",Use epoch 3 as the early-stopping point and compare it with the final checkpoint.
synthetic_v3_learning_rate_too_high_022,controlled_synthetic_v3,train,controlled_encoder,text_classification,"[1.282, 2.562, 0.903, 2.538, 1.265, 2.881, 0.923, 3.212]","[1.366, 2.674, 1.086, 2.628, 1.449, 2.975, 1.1, 3.317]","[0.561, 0.324, 0.579, 0.31, 0.514, 0.311, 0.568, 0.346]","[0.527, 0.297, 0.553, 0.282, 0.499, 0.272, 0.549, 0.319]",0.2881,"[1, 2, 3, 4, 5, 6, 7, 8]",Batch size and optimizer settings stayed fixed during the run.,learning_rate_too_high,"Loss oscillated throughout 8 epochs, including increases from 1.282 to 2.562 and from 0.903 to 2.538; the run did not converge.",Repeat the configuration with a learning rate ten times smaller.
synthetic_v3_healthy_029,controlled_synthetic_v3,train,controlled_sequence_net,sequence_classification,"[1.743, 1.517, 1.302, 1.099, 0.909, 0.733, 0.575, 0.437, 0.324, 0.255]","[1.781, 1.558, 1.345, 1.144, 0.956, 0.783, 0.626, 0.49, 0.378, 0.31]","[0.405, 0.481, 0.552, 0.62, 0.683, 0.741, 0.794, 0.84, 0.877, 0.9]","[0.382, 0.455, 0.525, 0.591, 0.653, 0.709, 0.761, 0.806, 0.842, 0.865]",0.001007,"[1, 2, 3, 4, 5, 6, 7, 8, 9, 10]",A split audit found no overlap and both curves converged normally.,healthy,"Training and validation followed the same improving trend: losses ended at 0.255 and 0.310, while their metrics reached 0.900 and 0.865.",Repeat the experiment once more to confirm that the stable result is reproducible.
synthetic_v3_underfitting_007,controlled_synthetic_v3,train,controlled_mlp,multiclass_classification,"[1.976, 1.888, 1.814, 1.753, 1.706, 1.67, 1.644, 1.628, 1.62, 1.619]","[2.011, 1.924, 1.851, 1.792, 1.745, 1.709, 1.684, 1.669, 1.661, 1.659]","[0.335, 0.361, 0.382, 0.399, 0.413, 0.424, 0.431, 0.436, 0.438, 0.438]","[0.32, 0.34, 0.356, 0.369, 0.38, 0.388, 0.393, 0.397, 0.398, 0.399]",0.000729,"[1, 2, 3, 4, 5, 6, 7, 8, 9, 10]",Training and validation remained close but both results were weak.,underfitting,"Both splits reached a weak plateau. Training and validation losses ended close together at 1.619 and 1.659, and neither metric exceeded 0.438.","Increase the training budget first, then try a model with more capacity if the plateau remains."
synthetic_v3_overfitting_003,controlled_synthetic_v3,train,controlled_tabular_net,binary_classification,"[1.67, 1.36, 1.071, 0.804, 0.563, 0.352, 0.18, 0.076]","[1.702, 0.85, 0.33, 0.435, 0.538, 0.637, 0.731, 0.813]","[0.5, 0.592, 0.678, 0.757, 0.828, 0.891, 0.942, 0.973]","[0.49, 0.674, 0.786, 0.761, 0.736, 0.712, 0.689, 0.669]",0.002371,"[1, 2, 3, 4, 5, 6, 7, 8]",Training kept improving after validation had started getting worse.,overfitting,"Validation performance was best at epoch 3 and became worse afterward, even though training loss kept falling to 0.076.",Restore the checkpoint from epoch 3 and test early stopping.
synthetic_v3_healthy_030,controlled_synthetic_v3,train,controlled_mlp,binary_classification,"[1.531, 1.347, 1.171, 1.003, 0.845, 0.697, 0.561, 0.437, 0.329, 0.242, 0.188]","[1.562, 1.378, 1.203, 1.035, 0.878, 0.893, 0.594, 0.471, 0.363, 0.276, 0.223]","[0.527, 0.587, 0.644, 0.698, 0.75, 0.798, 0.842, 0.882, 0.917, 0.946, 0.963]","[0.511, 0.567, 0.62, 0.671, 0.72, 0.715, 0.806, 0.844, 0.877, 0.903, 0.92]",0.001873,"[1, 2, 3, 4, 5, 6, 7, 8, 9, 10, 11]",The optimizer state was reset before training started.,healthy,"Across 11 epochs, training loss decreased from 1.531 to 0.188 and validation loss decreased from 1.562 to 0.223. The final training and validation metrics remained close at 0.963 and 0.920.",Repeat the run with another random seed to check that the result is reproducible.
synthetic_v3_learning_rate_too_low_013,controlled_synthetic_v3,train,controlled_mlp,multiclass_classification,"[1.623, 1.619, 1.616, 1.612, 1.608, 1.605, 1.601, 1.598, 1.594, 1.59, 1.587, 1.583, 1.58, 1.576, 1.572, 1.569]","[1.683, 1.68, 1.677, 1.674, 1.671, 1.668, 1.665, 1.662, 1.659, 1.656, 1.653, 1.651, 1.648, 1.645, 1.642, 1.639]","[0.408, 0.41, 0.413, 0.416, 0.418, 0.421, 0.424, 0.426, 0.429, 0.432, 0.434, 0.437, 0.439, 0.442, 0.445, 0.447]","[0.398, 0.4, 0.402, 0.404, 0.406, 0.407, 0.409, 0.411, 0.413, 0.415, 0.417, 0.419, 0.421, 0.423, 0.425, 0.427]",9.5e-06,"[1, 2, 3, 4, 5, 6, 7, 8, 9, 10, 11, 12, 13, 14, 15, 16]",A short pilot with a larger rate made more progress in the same number of epochs.,learning_rate_too_low,The curves moved in the right direction but very slowly: over 16 epochs training loss changed by just 0.054 and the metric changed by 0.039.,Try a learning rate ten times larger while keeping the other settings fixed.
synthetic_v3_underfitting_001,controlled_synthetic_v3,train,controlled_mlp,multiclass_classification,"[2.151, 1.958, 1.794, 1.656, 1.542, 1.453, 1.385, 1.338, 1.308, 1.293, 1.29]","[2.239, 2.044, 1.877, 1.737, 1.622, 1.531, 1.462, 1.414, 1.384, 1.369, 1.366]","[0.35, 0.387, 0.419, 0.446, 0.468, 0.485, 0.498, 0.507, 0.513, 0.516, 0.517]","[0.346, 0.379, 0.407, 0.431, 0.45, 0.465, 0.477, 0.485, 0.49, 0.493, 0.493]",0.001071,"[1, 2, 3, 4, 5, 6, 7, 8, 9, 10, 11]",Both splits reached a similarly weak plateau near the end.,underfitting,"Both splits reached a weak plateau. Training and validation losses ended close together at 1.290 and 1.366, and neither metric exceeded 0.517.","Increase the training budget first, then try a model with more capacity if the plateau remains."
synthetic_v3_learning_rate_too_low_043,controlled_synthetic_v3,train,controlled_mlp,multiclass_classification,"[1.796, 1.787, 1.778, 1.769, 1.759, 1.75, 1.741, 1.731, 1.722, 1.713, 1.704, 1.694, 1.685, 1.676, 1.666]","[1.856, 1.848, 1.839, 1.831, 1.822, 1.814, 1.805, 1.796, 1.788, 1.779, 1.771, 1.762, 1.754, 1.745, 1.736]","[0.301, 0.306, 0.311, 0.317, 0.322, 0.327, 0.333, 0.338, 0.343, 0.348, 0.354, 0.359, 0.364, 0.37, 0.375]","[0.291, 0.295, 0.3, 0.305, 0.309, 0.314, 0.319, 0.323, 0.328, 0.333, 0.338, 0.342, 0.347, 0.352, 0.356]",3.1e-06,"[1, 2, 3, 4, 5, 6, 7, 8, 9, 10, 11, 12, 13, 14, 15]",A short pilot with a larger rate made more progress in the same number of epochs.,learning_rate_too_low,The curves moved in the right direction but very slowly: over 15 epochs training loss changed by just 0.130 and the metric changed by 0.074.,Try a learning rate ten times larger while keeping the other settings fixed.
synthetic_v3_underfitting_046,controlled_synthetic_v3,train,controlled_encoder,text_classification,"[2.025, 1.879, 1.752, 1.644, 1.553, 1.478, 1.419, 1.374, 1.343, 1.323, 1.314, 1.311]","[2.075, 1.931, 1.806, 1.699, 1.61, 1.536, 1.478, 1.434, 1.403, 1.384, 1.374, 1.372]","[0.26, 0.298, 0.331, 0.36, 0.383, 0.403, 0.418, 0.43, 0.438, 0.443, 0.446, 0.447]","[0.253, 0.288, 0.32, 0.346, 0.368, 0.387, 0.401, 0.412, 0.42, 0.425, 0.427, 0.428]",0.001197,"[1, 2, 3, 4, 5, 6, 7, 8, 9, 10, 11, 12]",The same architecture was used for the complete experiment.,underfitting,"Both splits reached a weak plateau. Training and validation losses ended close together at 1.311 and 1.372, and neither metric exceeded 0.447.","Increase the training budget first, then try a model with more capacity if the plateau remains."
synthetic_v3_data_leakage_suspected_000,controlled_synthetic_v3,train,controlled_mlp,binary_classification,"[0.42, 0.315, 0.219, 0.136, 0.069, 0.027]","[0.38, 0.286, 0.201, 0.127, 0.067, 0.03]","[0.84, 0.879, 0.914, 0.944, 0.969, 0.984]","[0.88, 0.911, 0.94, 0.964, 0.984, 0.997]",0.001,"[1, 2, 3, 4, 5, 6]",A split audit found 255 identical samples in both the training and validation sets. Accuracy on a deduplicated holdout was 0.68.,data_leakage_suspected,"The split audit found 255 exact duplicates shared by the training and validation sets. Validation metric was 0.997, but the deduplicated holdout metric was 0.680.","Create a new clean split before preprocessing, remove the leakage source, and evaluate the same configuration on an untouched holdout set."
synthetic_v3_learning_rate_too_low_032,controlled_synthetic_v3,train,controlled_cnn,image_classification,"[1.441, 1.436, 1.431, 1.426, 1.421, 1.416, 1.411, 1.406, 1.401, 1.396, 1.391, 1.386, 1.381, 1.376, 1.371, 1.366]","[1.501, 1.497, 1.492, 1.488, 1.484, 1.479, 1.475, 1.471, 1.466, 1.462, 1.457, 1.453, 1.449, 1.444, 1.44, 1.436]","[0.399, 0.404, 0.409, 0.414, 0.419, 0.424, 0.429, 0.434, 0.439, 0.444, 0.449, 0.454, 0.459, 0.464, 0.469, 0.474]","[0.389, 0.394, 0.399, 0.403, 0.408, 0.413, 0.418, 0.422, 0.427, 0.432, 0.436, 0.441, 0.446, 0.451, 0.455, 0.46]",7.6e-06,"[1, 2, 3, 4, 5, 6, 7, 8, 9, 10, 11, 12, 13, 14, 15, 16]",Gradient clipping was enabled with the same limit in every epoch.,learning_rate_too_low,"Despite 16 stable epochs, training loss only moved from 1.441 to 1.366, leaving performance poor within the available budget.",Raise the learning rate and compare how much progress is made in the same epoch budget.
synthetic_v3_overfitting_008,controlled_synthetic_v3,train,controlled_cnn,image_classification,"[1.55, 1.355, 1.168, 0.99, 0.822, 0.665, 0.52, 0.388, 0.274, 0.181, 0.124]","[1.64, 1.089, 0.641, 0.367, 0.465, 0.562, 0.657, 0.749, 0.838, 0.923, 0.997]","[0.449, 0.52, 0.588, 0.653, 0.715, 0.772, 0.825, 0.873, 0.915, 0.949, 0.97]","[0.439, 0.596, 0.724, 0.803, 0.77, 0.738, 0.707, 0.676, 0.647, 0.619, 0.594]",0.001055,"[1, 2, 3, 4, 5, 6, 7, 8, 9, 10, 11]",No learning-rate scheduler was enabled.,overfitting,"Validation loss reached its lowest value of 0.367 at epoch 4, then increased to 0.997, while training loss continued decreasing to 0.124.",Stop training near epoch 4 and evaluate that checkpoint on a separate holdout.
synthetic_v3_data_leakage_suspected_020,controlled_synthetic_v3,train,controlled_cnn,image_classification,"[0.42, 0.314, 0.218, 0.134, 0.066, 0.024]","[0.38, 0.285, 0.199, 0.124, 0.063, 0.025]","[0.84, 0.881, 0.918, 0.95, 0.976, 0.992]","[0.88, 0.911, 0.94, 0.965, 0.985, 0.997]",0.001,"[1, 2, 3, 4, 5, 6]",A feature audit found that the input column named target_copy exactly matched the target for every training and validation sample. Clean holdout metric was 0.61.,data_leakage_suspected,"The target_copy input feature directly revealed the target in both splits. Validation metric was 0.997, but it fell to 0.610 after removing that feature on a clean holdout.","Remove the overlap, retrain from scratch, and verify the result on a clean holdout."
synthetic_v3_learning_rate_too_high_013,controlled_synthetic_v3,train,controlled_mlp,multiclass_classification,"[0.868, 2.98, 1.092, 3.275, 1.129, 2.863, 0.791, 1.951, 1.343, 3.318]","[1.028, 3.152, 1.221, 3.456, 1.237, 3.028, 0.872, 2.092, 1.468, 3.472]","[0.55, 0.311, 0.522, 0.288, 0.451, 0.299, 0.452, 0.295, 0.491, 0.376]","[0.539, 0.277, 0.492, 0.254, 0.414, 0.286, 0.439, 0.281, 0.475, 0.35]",0.2538,"[1, 2, 3, 4, 5, 6, 7, 8, 9, 10]",The same optimizer converged when a much smaller rate was used in a pilot run.,learning_rate_too_high,"Loss oscillated throughout 10 epochs, including increases from 0.868 to 2.980 and from 1.092 to 3.275; the run did not converge.",Repeat the configuration with a learning rate ten times smaller.
synthetic_v3_learning_rate_too_low_006,controlled_synthetic_v3,train,controlled_mlp,binary_classification,"[1.42, 1.409, 1.398, 1.387, 1.375, 1.364, 1.353, 1.342, 1.331, 1.32, 1.309, 1.298, 1.286]","[1.48, 1.47, 1.459, 1.449, 1.439, 1.428, 1.418, 1.408, 1.398, 1.387, 1.377, 1.367, 1.356]","[0.372, 0.377, 0.383, 0.389, 0.395, 0.4, 0.406, 0.412, 0.417, 0.423, 0.429, 0.435, 0.44]","[0.362, 0.366, 0.371, 0.376, 0.38, 0.385, 0.39, 0.394, 0.399, 0.404, 0.408, 0.413, 0.417]",8.6e-06,"[1, 2, 3, 4, 5, 6, 7, 8, 9, 10, 11, 12, 13]",The same architecture was used for the complete experiment.,learning_rate_too_low,"Training loss decreased consistently by only 0.134, from 1.420 to 1.286, across 13 epochs, while the training metric improved by only 0.068.",Increase the learning rate by about 10x and run the same experiment again.
synthetic_v3_healthy_045,controlled_synthetic_v3,train,controlled_tabular_net,binary_classification,"[1.793, 1.596, 1.406, 1.225, 1.053, 0.89, 0.738, 0.598, 0.471, 0.36, 0.27, 0.215]","[1.909, 1.707, 1.514, 1.329, 1.154, 0.988, 1.003, 0.689, 0.56, 0.447, 0.355, 0.298]","[0.473, 0.532, 0.59, 0.644, 0.697, 0.746, 0.792, 0.834, 0.873, 0.906, 0.934, 0.95]","[0.458, 0.514, 0.568, 0.619, 0.668, 0.715, 0.71, 0.798, 0.834, 0.866, 0.891, 0.907]",0.001779,"[1, 2, 3, 4, 5, 6, 7, 8, 9, 10, 11, 12]",Validation had one small wobble before returning to its improving trend.,healthy,"Across 12 epochs, training loss decreased from 1.793 to 0.215 and validation loss decreased from 1.909 to 0.298. The final training and validation metrics remained close at 0.950 and 0.907.",Repeat the run with another random seed to check that the result is reproducible.
synthetic_v3_learning_rate_too_low_041,controlled_synthetic_v3,train,controlled_sequence_net,sequence_classification,"[1.689, 1.682, 1.674, 1.666, 1.658, 1.65, 1.643, 1.635, 1.627, 1.619, 1.611, 1.604, 1.596, 1.588]","[1.749, 1.742, 1.735, 1.728, 1.721, 1.714, 1.707, 1.7, 1.693, 1.686, 1.679, 1.672, 1.665, 1.658]","[0.345, 0.349, 0.353, 0.356, 0.36, 0.364, 0.368, 0.372, 0.375, 0.379, 0.383, 0.387, 0.39, 0.394]","[0.335, 0.338, 0.341, 0.344, 0.347, 0.349, 0.352, 0.355, 0.358, 0.361, 0.364, 0.367, 0.369, 0.372]",9.1e-06,"[1, 2, 3, 4, 5, 6, 7, 8, 9, 10, 11, 12, 13, 14]",Parameter updates were very small and progress remained slow but stable.,learning_rate_too_low,"Despite 14 stable epochs, training loss only moved from 1.689 to 1.588, leaving performance poor within the available budget.",Raise the learning rate and compare how much progress is made in the same epoch budget.
synthetic_v3_healthy_041,controlled_synthetic_v3,train,controlled_sequence_net,sequence_classification,"[1.676, 1.484, 1.3, 1.125, 0.96, 0.805, 0.662, 0.534, 0.421, 0.329, 0.274]","[1.772, 1.576, 1.389, 1.211, 1.042, 0.885, 0.74, 0.608, 0.494, 0.4, 0.344]","[0.407, 0.481, 0.552, 0.619, 0.682, 0.742, 0.797, 0.846, 0.89, 0.925, 0.946]","[0.388, 0.463, 0.534, 0.602, 0.666, 0.726, 0.781, 0.831, 0.875, 0.911, 0.932]",0.00287,"[1, 2, 3, 4, 5, 6, 7, 8, 9, 10, 11]",The gap between the two splits stayed small throughout the run.,healthy,"Training and validation followed the same improving trend: losses ended at 0.274 and 0.344, while their metrics reached 0.946 and 0.932.",Repeat the experiment once more to confirm that the stable result is reproducible.
synthetic_v3_underfitting_018,controlled_synthetic_v3,train,controlled_mlp,binary_classification,"[2.198, 2.043, 1.91, 1.798, 1.707, 1.634, 1.58, 1.541, 1.517, 1.505, 1.503]","[2.265, 2.107, 1.972, 1.858, 1.765, 1.692, 1.636, 1.597, 1.573, 1.56, 1.558]","[0.26, 0.31, 0.353, 0.389, 0.419, 0.443, 0.46, 0.473, 0.481, 0.485, 0.485]","[0.259, 0.305, 0.344, 0.377, 0.404, 0.425, 0.441, 0.453, 0.46, 0.463, 0.464]",0.001218,"[1, 2, 3, 4, 5, 6, 7, 8, 9, 10, 11]",No checkpoints were removed from the recorded history.,underfitting,Training remained poor after 11 epochs: training loss was 1.503 and training metric was 0.485. Validation values were similarly poor at 1.558 loss and 0.464 metric.,"Train for more epochs and, if training remains poor, test a larger model."
synthetic_v3_learning_rate_too_high_003,controlled_synthetic_v3,train,controlled_tabular_net,binary_classification,"[0.833, 3.363, 1.026, 3.092, 0.987, 3.308, 1.278, 2.199, 1.106, 2.65, 0.782, 2.106]","[0.953, 3.5, 1.161, 3.245, 1.129, 3.427, 1.432, 2.299, 1.305, 2.819, 0.898, 2.226]","[0.574, 0.296, 0.556, 0.254, 0.572, 0.266, 0.551, 0.376, 0.538, 0.343, 0.559, 0.324]","[0.563, 0.272, 0.517, 0.221, 0.539, 0.239, 0.519, 0.348, 0.523, 0.314, 0.53, 0.289]",0.0869,"[1, 2, 3, 4, 5, 6, 7, 8, 9, 10, 11, 12]",The same optimizer converged when a much smaller rate was used in a pilot run.,learning_rate_too_high,"Training loss repeatedly jumped from 0.833 at epoch 1 to 3.363 at epoch 2 and from 1.026 at epoch 3 to 3.092 at epoch 4, with no stable downward trend.",Lower the learning rate by about 10x and run the same experiment again.
synthetic_v3_learning_rate_too_high_039,controlled_synthetic_v3,train,controlled_tabular_net,binary_classification,"[0.919, 2.633, 1.062, 3.341, 1.082, 2.727, 0.991, 3.156]","[1.03, 2.813, 1.153, 3.424, 1.168, 2.909, 1.165, 3.262]","[0.483, 0.241, 0.481, 0.317, 0.527, 0.356, 0.595, 0.323]","[0.459, 0.227, 0.466, 0.283, 0.51, 0.328, 0.557, 0.292]",0.2273,"[1, 2, 3, 4, 5, 6, 7, 8]",Gradient clipping did not remove the recurring oscillations.,learning_rate_too_high,"Training loss repeatedly jumped from 0.919 at epoch 1 to 2.633 at epoch 2 and from 1.062 at epoch 3 to 3.341 at epoch 4, with no stable downward trend.",Lower the learning rate by about 10x and run the same experiment again.
synthetic_v3_overfitting_032,controlled_synthetic_v3,train,controlled_cnn,image_classification,"[1.642, 1.372, 1.116, 0.877, 0.657, 0.458, 0.284, 0.142, 0.056]","[1.744, 1.284, 0.883, 0.558, 0.359, 0.516, 0.668, 0.812, 0.937]","[0.422, 0.516, 0.604, 0.687, 0.763, 0.832, 0.892, 0.941, 0.971]","[0.412, 0.55, 0.67, 0.768, 0.828, 0.789, 0.752, 0.716, 0.685]",0.000759,"[1, 2, 3, 4, 5, 6, 7, 8, 9]",Gradient clipping was enabled with the same limit in every epoch.,overfitting,"Validation loss reached its lowest value of 0.359 at epoch 5, then increased to 0.937, while training loss continued decreasing to 0.056.",Stop training near epoch 5 and evaluate that checkpoint on a separate holdout.
synthetic_v3_insufficient_evidence_008,controlled_synthetic_v3,train,controlled_cnn,image_classification,"[1.137, 0.928, 0.767, 0.654, 0.568]","[1.184, 0.973, 0.803, 0.722, 0.604]","[0.661, 0.621, 0.581, 0.541, 0.501]","[0.647, 0.601, 0.551, 0.514, 0.481]",0.001,"[1, 2, 3, 4, 5]",No learning-rate scheduler was enabled.,insufficient_evidence,"The losses improve but both recorded metrics become worse, so the logs are contradictory and may use an unknown metric direction or contain a logging error.","Verify the metric definition and logging code, then repeat the run before diagnosing it."
synthetic_v3_learning_rate_too_high_027,controlled_synthetic_v3,train,controlled_tabular_net,binary_classification,"[1.125, 2.486, 1.194, 3.152, 1.227, 1.999, 1.239, 2.995, 1.343]","[1.212, 2.576, 1.326, 3.286, 1.38, 2.116, 1.408, 3.164, 1.437]","[0.556, 0.326, 0.475, 0.372, 0.528, 0.341, 0.558, 0.23, 0.469]","[0.523, 0.308, 0.438, 0.339, 0.517, 0.307, 0.54, 0.218, 0.438]",0.1942,"[1, 2, 3, 4, 5, 6, 7, 8, 9]",Neither split settled into a downward trend during the run.,learning_rate_too_high,"Training loss repeatedly jumped from 1.125 at epoch 1 to 2.486 at epoch 2 and from 1.194 at epoch 3 to 3.152 at epoch 4, with no stable downward trend.",Lower the learning rate by about 10x and run the same experiment again.
synthetic_v3_learning_rate_too_low_003,controlled_synthetic_v3,train,controlled_tabular_net,binary_classification,"[1.778, 1.77, 1.762, 1.755, 1.747, 1.739, 1.732, 1.724, 1.717, 1.709, 1.701, 1.694, 1.686, 1.678]","[1.838, 1.831, 1.824, 1.817, 1.81, 1.803, 1.796, 1.79, 1.783, 1.776, 1.769, 1.762, 1.755, 1.748]","[0.372, 0.378, 0.383, 0.388, 0.394, 0.399, 0.404, 0.409, 0.415, 0.42, 0.425, 0.431, 0.436, 0.441]","[0.362, 0.366, 0.37, 0.374, 0.378, 0.381, 0.385, 0.389, 0.393, 0.397, 0.4, 0.404, 0.408, 0.412]",3.6e-06,"[1, 2, 3, 4, 5, 6, 7, 8, 9, 10, 11, 12, 13, 14]",A short pilot with a larger rate made more progress in the same number of epochs.,learning_rate_too_low,"Training loss decreased consistently by only 0.100, from 1.778 to 1.678, across 14 epochs, while the training metric improved by only 0.069.",Increase the learning rate by about 10x and run the same experiment again.
synthetic_v3_underfitting_004,controlled_synthetic_v3,train,controlled_encoder,text_classification,"[2.237, 1.982, 1.781, 1.629, 1.522, 1.455, 1.422, 1.414]","[2.332, 2.067, 1.857, 1.698, 1.586, 1.516, 1.482, 1.474]","[0.369, 0.39, 0.406, 0.419, 0.427, 0.433, 0.436, 0.436]","[0.363, 0.38, 0.393, 0.403, 0.41, 0.414, 0.416, 0.417]",0.000759,"[1, 2, 3, 4, 5, 6, 7, 8]",Metrics were recorded once at the end of every epoch.,underfitting,"Both splits reached a weak plateau. Training and validation losses ended close together at 1.414 and 1.474, and neither metric exceeded 0.436.","Increase the training budget first, then try a model with more capacity if the plateau remains."
synthetic_v3_insufficient_evidence_026,controlled_synthetic_v3,train,controlled_cnn,image_classification,"[1.374, 1.149, 0.945, 0.767, 0.623, 0.535]",[],"[0.455, 0.547, 0.63, 0.703, 0.762, 0.799]",[],0.001,"[1, 2, 3, 4, 5, 6]",The same architecture was used for the complete experiment.,insufficient_evidence,"Validation loss and validation metric are missing, so generalization cannot be compared with training performance.",Run the experiment again with validation loss and validation metric logging enabled.
synthetic_v3_overfitting_000,controlled_synthetic_v3,train,controlled_mlp,binary_classification,"[1.393, 1.23, 1.073, 0.923, 0.78, 0.645, 0.519, 0.403, 0.298, 0.206, 0.131, 0.085]","[1.467, 0.995, 0.612, 0.378, 0.475, 0.57, 0.663, 0.755, 0.844, 0.931, 1.013, 1.084]","[0.52, 0.577, 0.632, 0.685, 0.735, 0.782, 0.827, 0.868, 0.904, 0.937, 0.963, 0.979]","[0.51, 0.662, 0.785, 0.861, 0.84, 0.819, 0.799, 0.778, 0.759, 0.74, 0.722, 0.706]",0.002948,"[1, 2, 3, 4, 5, 6, 7, 8, 9, 10, 11, 12]",The run completed without hardware or logging errors.,overfitting,"Validation loss reached its lowest value of 0.378 at epoch 4, then increased to 1.084, while training loss continued decreasing to 0.085.",Restore the checkpoint from epoch 4 and test early stopping.
synthetic_v3_overfitting_046,controlled_synthetic_v3,train,controlled_encoder,text_classification,"[1.693, 1.453, 1.226, 1.011, 0.811, 0.625, 0.458, 0.312, 0.193, 0.12]","[1.795, 1.157, 0.638, 0.322, 0.479, 0.632, 0.781, 0.926, 1.063, 1.183]","[0.42, 0.503, 0.581, 0.656, 0.725, 0.789, 0.847, 0.898, 0.939, 0.964]","[0.41, 0.603, 0.759, 0.855, 0.818, 0.781, 0.746, 0.711, 0.679, 0.65]",0.000343,"[1, 2, 3, 4, 5, 6, 7, 8, 9, 10]",The same architecture was used for the complete experiment.,overfitting,"The generalization gap grew after epoch 4: the final training metric was 0.964, while the validation metric fell to 0.650.",Use epoch 4 as the early-stopping point and compare it with the final checkpoint.
synthetic_v3_insufficient_evidence_035,controlled_synthetic_v3,train,controlled_sequence_net,sequence_classification,[1.033],[1.013],[0.548],[0.532],0.001,[1],Only one epoch was recorded.,insufficient_evidence,"Only one epoch is available, so no training or validation trend can be established.",Continue training for more epochs and record both training and validation metrics.
synthetic_v3_data_leakage_suspected_036,controlled_synthetic_v3,train,controlled_mlp,binary_classification,"[0.42, 0.323, 0.235, 0.159, 0.096, 0.058]","[0.38, 0.288, 0.204, 0.132, 0.072, 0.036]","[0.84, 0.881, 0.918, 0.95, 0.976, 0.992]","[0.88, 0.911, 0.939, 0.963, 0.983, 0.995]",0.001,"[1, 2, 3, 4, 5, 6]",A split audit found 306 identical samples in both the training and validation sets. Accuracy on a deduplicated holdout was 0.68.,data_leakage_suspected,"The split audit found 306 exact duplicates shared by the training and validation sets. Validation metric was 0.995, but the deduplicated holdout metric was 0.680.","Create a new clean split before preprocessing, remove the leakage source, and evaluate the same configuration on an untouched holdout set."
synthetic_v3_healthy_004,controlled_synthetic_v3,train,controlled_encoder,text_classification,"[1.227, 1.02, 0.825, 0.646, 0.484, 0.342, 0.227, 0.156]","[1.283, 1.071, 0.873, 0.69, 0.524, 0.38, 0.262, 0.191]","[0.397, 0.496, 0.588, 0.674, 0.751, 0.819, 0.874, 0.907]","[0.389, 0.482, 0.57, 0.651, 0.724, 0.788, 0.84, 0.872]",0.001285,"[1, 2, 3, 4, 5, 6, 7, 8]",Metrics were recorded once at the end of every epoch.,healthy,"Both splits improved over 8 epochs. Final losses were 0.156 for training and 0.191 for validation, with final metrics of 0.907 and 0.872.",Run the same configuration with a second seed and compare the final metrics.
synthetic_v3_learning_rate_too_high_004,controlled_synthetic_v3,train,controlled_encoder,text_classification,"[0.772, 3.322, 0.827, 1.928, 0.97, 2.127, 1.233, 2.516, 1.292]","[0.962, 3.507, 0.995, 2.015, 1.067, 2.232, 1.352, 2.675, 1.435]","[0.497, 0.231, 0.587, 0.262, 0.503, 0.339, 0.558, 0.316, 0.554]","[0.469, 0.215, 0.57, 0.235, 0.486, 0.3, 0.539, 0.297, 0.538]",0.2262,"[1, 2, 3, 4, 5, 6, 7, 8, 9]",Metrics were recorded once at the end of every epoch.,learning_rate_too_high,"Loss oscillated throughout 9 epochs, including increases from 0.772 to 3.322 and from 0.827 to 1.928; the run did not converge.",Repeat the configuration with a learning rate ten times smaller.
synthetic_v3_underfitting_010,controlled_synthetic_v3,train,controlled_encoder,text_classification,"[1.942, 1.814, 1.706, 1.618, 1.549, 1.496, 1.459, 1.436, 1.425, 1.422]","[2.016, 1.886, 1.776, 1.686, 1.615, 1.562, 1.524, 1.5, 1.489, 1.486]","[0.337, 0.361, 0.381, 0.398, 0.411, 0.421, 0.428, 0.433, 0.435, 0.435]","[0.329, 0.348, 0.364, 0.378, 0.388, 0.396, 0.401, 0.405, 0.407, 0.407]",0.000519,"[1, 2, 3, 4, 5, 6, 7, 8, 9, 10]",The optimizer state was reset before training started.,underfitting,"Both splits reached a weak plateau. Training and validation losses ended close together at 1.422 and 1.486, and neither metric exceeded 0.435.","Increase the training budget first, then try a model with more capacity if the plateau remains."
synthetic_v3_healthy_033,controlled_synthetic_v3,train,controlled_tabular_net,binary_classification,"[1.215, 1.081, 0.953, 0.831, 0.716, 0.608, 0.509, 0.419, 0.34, 0.277, 0.238]","[1.275, 1.144, 1.02, 0.901, 0.789, 0.804, 0.588, 0.5, 0.424, 0.362, 0.324]","[0.51, 0.572, 0.631, 0.687, 0.74, 0.79, 0.836, 0.877, 0.913, 0.943, 0.96]","[0.486, 0.548, 0.607, 0.664, 0.717, 0.712, 0.814, 0.855, 0.892, 0.921, 0.939]",0.002426,"[1, 2, 3, 4, 5, 6, 7, 8, 9, 10, 11]",A second seed produced a similar smooth improvement on both splits.,healthy,"Across 11 epochs, training loss decreased from 1.215 to 0.238 and validation loss decreased from 1.275 to 0.324. The final training and validation metrics remained close at 0.960 and 0.939.",Repeat the run with another random seed to check that the result is reproducible.
synthetic_v3_data_leakage_suspected_038,controlled_synthetic_v3,train,controlled_cnn,image_classification,"[0.42, 0.323, 0.235, 0.159, 0.096, 0.058]","[0.38, 0.284, 0.198, 0.123, 0.061, 0.024]","[0.84, 0.879, 0.915, 0.946, 0.971, 0.987]","[0.88, 0.911, 0.939, 0.963, 0.983, 0.995]",0.001,"[1, 2, 3, 4, 5, 6]",A feature audit found that the input column named target_copy exactly matched the target for every training and validation sample. Clean holdout metric was 0.61.,data_leakage_suspected,"The target_copy input feature directly revealed the target in both splits. Validation metric was 0.995, but it fell to 0.610 after removing that feature on a clean holdout.","Remove the overlap, retrain from scratch, and verify the result on a clean holdout."
synthetic_v3_learning_rate_too_high_031,controlled_synthetic_v3,train,controlled_mlp,multiclass_classification,"[0.821, 3.091, 0.835, 1.993, 1.297, 2.233, 0.889, 2.501, 1.23, 3.306, 0.809]","[0.971, 3.281, 0.924, 2.193, 1.401, 2.391, 1.066, 2.592, 1.412, 3.483, 0.904]","[0.591, 0.209, 0.589, 0.278, 0.559, 0.289, 0.507, 0.277, 0.503, 0.363, 0.491]","[0.568, 0.195, 0.561, 0.249, 0.53, 0.264, 0.471, 0.253, 0.49, 0.342, 0.468]",0.2107,"[1, 2, 3, 4, 5, 6, 7, 8, 9, 10, 11]",Gradient norms repeatedly spiked after optimizer updates.,learning_rate_too_high,"Loss oscillated throughout 11 epochs, including increases from 0.821 to 3.091 and from 0.835 to 1.993; the run did not converge.",Repeat the configuration with a learning rate ten times smaller.
synthetic_v3_insufficient_evidence_044,controlled_synthetic_v3,train,controlled_cnn,image_classification,"[1.535, 1.236, 0.966, 0.73, 0.538, 0.421]","[1.595, 1.296, 1.025, 0.789, 0.597, 0.48]","[0.348, 0.467, 0.575, 0.669, 0.746, 0.793]",[],0.001,"[1, 2, 3, 4, 5, 6]",Metrics were recorded once at the end of every epoch.,insufficient_evidence,"The validation metric and its definition were not recorded, so the available information is incomplete and does not support a reliable diagnosis.","Record the validation metric and its definition, then rerun the evaluation."
synthetic_v3_healthy_039,controlled_synthetic_v3,train,controlled_tabular_net,binary_classification,"[1.396, 1.236, 1.083, 0.938, 0.801, 0.673, 0.554, 0.447, 0.354, 0.278, 0.232]","[1.476, 1.311, 1.153, 1.003, 0.862, 0.877, 0.607, 0.496, 0.4, 0.321, 0.274]","[0.483, 0.544, 0.602, 0.657, 0.71, 0.758, 0.804, 0.844, 0.88, 0.909, 0.927]","[0.461, 0.522, 0.581, 0.637, 0.69, 0.685, 0.785, 0.827, 0.863, 0.892, 0.91]",0.001837,"[1, 2, 3, 4, 5, 6, 7, 8, 9, 10, 11]",A split audit found no overlap and both curves converged normally.,healthy,"Across 11 epochs, training loss decreased from 1.396 to 0.232 and validation loss decreased from 1.476 to 0.274. The final training and validation metrics remained close at 0.927 and 0.910.",Repeat the run with another random seed to check that the result is reproducible.
synthetic_v3_healthy_009,controlled_synthetic_v3,train,controlled_tabular_net,binary_classification,"[1.653, 1.383, 1.129, 0.895, 0.684, 0.499, 0.349, 0.258]","[1.697, 1.425, 1.171, 0.937, 0.952, 0.54, 0.389, 0.298]","[0.486, 0.575, 0.657, 0.734, 0.803, 0.863, 0.912, 0.942]","[0.474, 0.559, 0.637, 0.71, 0.705, 0.833, 0.88, 0.908]",0.001564,"[1, 2, 3, 4, 5, 6, 7, 8]",A split audit found no overlap and both curves converged normally.,healthy,"Across 8 epochs, training loss decreased from 1.653 to 0.258 and validation loss decreased from 1.697 to 0.298. The final training and validation metrics remained close at 0.942 and 0.908.",Repeat the run with another random seed to check that the result is reproducible.
synthetic_v3_learning_rate_too_high_026,controlled_synthetic_v3,train,controlled_cnn,image_classification,"[0.894, 2.81, 0.882, 2.488, 1.202, 3.076, 1.306, 2.259, 1.02, 2.262]","[1.051, 2.899, 1.069, 2.569, 1.325, 3.194, 1.432, 2.44, 1.151, 2.408]","[0.476, 0.285, 0.598, 0.213, 0.538, 0.202, 0.482, 0.366, 0.592, 0.272]","[0.457, 0.254, 0.565, 0.19, 0.516, 0.173, 0.456, 0.351, 0.579, 0.26]",0.2802,"[1, 2, 3, 4, 5, 6, 7, 8, 9, 10]",The same architecture was used for the complete experiment.,learning_rate_too_high,"The large recurring loss spikes were paired with metric drops, such as 0.476 to 0.285 between epochs 1 and 2.",Reduce the learning rate first and check whether the loss begins to converge smoothly.
synthetic_v3_insufficient_evidence_027,controlled_synthetic_v3,train,controlled_tabular_net,binary_classification,"[1.046, 0.8]","[1.084, 0.82]",[],[],0.001,"[1, 2]",Only two epochs and no accuracy metrics were recorded.,insufficient_evidence,"Only two epochs are available and both training and validation metrics are missing, so the early loss decrease does not support a specific diagnosis.",Collect more epochs and record training and validation metrics before diagnosing the run again.
synthetic_v3_data_leakage_suspected_016,controlled_synthetic_v3,train,controlled_encoder,text_classification,"[0.42, 0.317, 0.224, 0.142, 0.076, 0.036]","[0.38, 0.282, 0.194, 0.117, 0.054, 0.016]","[0.84, 0.88, 0.916, 0.947, 0.973, 0.988]","[0.88, 0.911, 0.939, 0.963, 0.983, 0.995]",0.001,"[1, 2, 3, 4, 5, 6]",Augmentation was applied before splitting and created 95 near-identical image pairs across training and validation.,data_leakage_suspected,The audit found 95 near-duplicate augmented images shared between the training and validation splits.,"Rebuild the splits around independent groups, then rerun preprocessing and training."
synthetic_v3_learning_rate_too_high_025,controlled_synthetic_v3,train,controlled_mlp,multiclass_classification,"[1.322, 3.382, 1.046, 2.098, 0.8, 2.475, 1.262, 2.054, 0.969, 3.221]","[1.418, 3.555, 1.216, 2.194, 0.999, 2.572, 1.406, 2.135, 1.127, 3.354]","[0.558, 0.313, 0.473, 0.274, 0.553, 0.355, 0.463, 0.218, 0.563, 0.306]","[0.536, 0.274, 0.454, 0.26, 0.535, 0.342, 0.436, 0.19, 0.535, 0.273]",0.2226,"[1, 2, 3, 4, 5, 6, 7, 8, 9, 10]",Large loss jumps continued even though the batch size stayed fixed.,learning_rate_too_high,"Loss oscillated throughout 10 epochs, including increases from 1.322 to 3.382 and from 1.046 to 2.098; the run did not converge.",Repeat the configuration with a learning rate ten times smaller.
synthetic_v3_insufficient_evidence_019,controlled_synthetic_v3,train,controlled_mlp,multiclass_classification,"[1.51, 1.202, 0.924, 0.68, 0.483, 0.362]","[1.548, 1.242, 0.965, 0.724, 0.527, 0.407]","[0.346, 0.481, 0.604, 0.71, 0.797, 0.85]",[],0.001,"[1, 2, 3, 4, 5, 6]","Validation loss exists, but the validation metric and metric definition are missing.",insufficient_evidence,"The validation metric and its definition were not recorded, so the available information is incomplete and does not support a reliable diagnosis.","Record the validation metric and its definition, then rerun the evaluation."
synthetic_v3_overfitting_043,controlled_synthetic_v3,train,controlled_mlp,multiclass_classification,"[1.469, 1.218, 0.982, 0.765, 0.568, 0.397, 0.257, 0.172]","[1.524, 1.054, 0.671, 0.438, 0.552, 0.662, 0.767, 0.859]","[0.467, 0.562, 0.652, 0.734, 0.809, 0.874, 0.927, 0.959]","[0.457, 0.607, 0.729, 0.804, 0.78, 0.757, 0.736, 0.717]",0.001292,"[1, 2, 3, 4, 5, 6, 7, 8]",Training kept improving after validation had started getting worse.,overfitting,"Validation performance was best at epoch 4 and became worse afterward, even though training loss kept falling to 0.172.",Use epoch 4 as the early-stopping point and compare it with the final checkpoint.
synthetic_v3_underfitting_037,controlled_synthetic_v3,train,controlled_mlp,multiclass_classification,"[2.237, 2.037, 1.863, 1.714, 1.589, 1.487, 1.406, 1.344, 1.301, 1.274, 1.261, 1.258]","[2.26, 2.067, 1.899, 1.755, 1.635, 1.536, 1.458, 1.398, 1.357, 1.331, 1.318, 1.315]","[0.299, 0.344, 0.383, 0.417, 0.445, 0.468, 0.486, 0.5, 0.51, 0.516, 0.519, 0.52]","[0.292, 0.336, 0.374, 0.407, 0.435, 0.458, 0.475, 0.489, 0.498, 0.504, 0.507, 0.508]",0.001103,"[1, 2, 3, 4, 5, 6, 7, 8, 9, 10, 11, 12]",Training and validation remained close but both results were weak.,underfitting,"Both splits reached a weak plateau. Training and validation losses ended close together at 1.258 and 1.315, and neither metric exceeded 0.520.","Increase the training budget first, then try a model with more capacity if the plateau remains."
synthetic_v3_underfitting_011,controlled_synthetic_v3,train,controlled_sequence_net,sequence_classification,"[2.184, 2.047, 1.932, 1.838, 1.764, 1.707, 1.668, 1.643, 1.631, 1.628]","[2.265, 2.121, 1.999, 1.9, 1.821, 1.762, 1.72, 1.694, 1.681, 1.678]","[0.266, 0.321, 0.367, 0.405, 0.435, 0.458, 0.474, 0.484, 0.489, 0.49]","[0.257, 0.311, 0.356, 0.393, 0.423, 0.445, 0.46, 0.47, 0.475, 0.476]",0.001831,"[1, 2, 3, 4, 5, 6, 7, 8, 9, 10]",Both splits reached a similarly weak plateau near the end.,underfitting,"The model still performed poorly on its training data after 10 epochs, with a 0.490 training metric. Validation was similarly weak at 0.476.",Continue training and compare the result with a larger architecture using the same split.
synthetic_v3_overfitting_037,controlled_synthetic_v3,train,controlled_mlp,multiclass_classification,"[1.642, 1.385, 1.142, 0.915, 0.705, 0.516, 0.351, 0.216, 0.134]","[1.7, 0.885, 0.388, 0.506, 0.623, 0.736, 0.845, 0.949, 1.04]","[0.51, 0.586, 0.657, 0.724, 0.785, 0.841, 0.89, 0.929, 0.954]","[0.5, 0.683, 0.795, 0.774, 0.753, 0.732, 0.712, 0.694, 0.677]",0.000774,"[1, 2, 3, 4, 5, 6, 7, 8, 9]",No early stopping was used after the validation score peaked.,overfitting,"After epoch 3, training continued improving to 0.134 loss, but validation loss moved in the opposite direction and finished at 1.040.",Use epoch 3 as the early-stopping point and compare it with the final checkpoint.
synthetic_v3_learning_rate_too_low_029,controlled_synthetic_v3,train,controlled_sequence_net,sequence_classification,"[1.747, 1.742, 1.737, 1.732, 1.727, 1.722, 1.717, 1.712, 1.708, 1.703, 1.698, 1.693, 1.688, 1.683]","[1.807, 1.803, 1.798, 1.794, 1.79, 1.786, 1.782, 1.778, 1.774, 1.77, 1.765, 1.761, 1.757, 1.753]","[0.368, 0.373, 0.379, 0.384, 0.39, 0.395, 0.401, 0.406, 0.411, 0.417, 0.422, 0.428, 0.433, 0.438]","[0.358, 0.362, 0.366, 0.37, 0.374, 0.378, 0.381, 0.385, 0.389, 0.393, 0.397, 0.401, 0.405, 0.409]",2.5e-06,"[1, 2, 3, 4, 5, 6, 7, 8, 9, 10, 11, 12, 13, 14]","There were no spikes, but each epoch changed the metrics only slightly.",learning_rate_too_low,"Despite 14 stable epochs, training loss only moved from 1.747 to 1.683, leaving performance poor within the available budget.",Raise the learning rate and compare how much progress is made in the same epoch budget.
synthetic_v3_overfitting_029,controlled_synthetic_v3,train,controlled_sequence_net,sequence_classification,"[1.622, 1.44, 1.265, 1.097, 0.938, 0.788, 0.647, 0.517, 0.4, 0.298, 0.214, 0.164]","[1.692, 1.265, 0.893, 0.59, 0.405, 0.494, 0.582, 0.669, 0.753, 0.834, 0.911, 0.978]","[0.508, 0.566, 0.621, 0.673, 0.723, 0.77, 0.815, 0.855, 0.892, 0.924, 0.95, 0.966]","[0.498, 0.611, 0.71, 0.79, 0.839, 0.798, 0.758, 0.718, 0.68, 0.642, 0.607, 0.576]",0.001568,"[1, 2, 3, 4, 5, 6, 7, 8, 9, 10, 11, 12]",A second seed showed the same late divergence between the two splits.,overfitting,"After epoch 5, training continued improving to 0.164 loss, but validation loss moved in the opposite direction and finished at 0.978.",Stop training near epoch 5 and evaluate that checkpoint on a separate holdout.
synthetic_v3_overfitting_031,controlled_synthetic_v3,train,controlled_mlp,multiclass_classification,"[1.47, 1.297, 1.13, 0.97, 0.819, 0.675, 0.541, 0.418, 0.306, 0.208, 0.129, 0.081]","[1.562, 0.814, 0.357, 0.419, 0.479, 0.539, 0.598, 0.656, 0.712, 0.767, 0.819, 0.864]","[0.414, 0.485, 0.555, 0.621, 0.683, 0.743, 0.798, 0.849, 0.896, 0.936, 0.969, 0.989]","[0.404, 0.682, 0.851, 0.829, 0.807, 0.786, 0.765, 0.744, 0.724, 0.704, 0.686, 0.67]",0.000571,"[1, 2, 3, 4, 5, 6, 7, 8, 9, 10, 11, 12]",The best validation checkpoint occurred before the final epoch.,overfitting,"Validation performance was best at epoch 3 and became worse afterward, even though training loss kept falling to 0.081.",Use epoch 3 as the early-stopping point and compare it with the final checkpoint.
synthetic_v3_learning_rate_too_low_010,controlled_synthetic_v3,train,controlled_encoder,text_classification,"[1.812, 1.803, 1.793, 1.784, 1.775, 1.766, 1.757, 1.747, 1.738, 1.729, 1.72, 1.71, 1.701, 1.692, 1.683, 1.674]","[1.872, 1.863, 1.855, 1.846, 1.838, 1.829, 1.821, 1.812, 1.803, 1.795, 1.786, 1.778, 1.769, 1.761, 1.752, 1.744]","[0.301, 0.305, 0.31, 0.314, 0.318, 0.322, 0.326, 0.331, 0.335, 0.339, 0.343, 0.348, 0.352, 0.356, 0.36, 0.365]","[0.291, 0.295, 0.298, 0.302, 0.306, 0.309, 0.313, 0.317, 0.32, 0.324, 0.328, 0.331, 0.335, 0.339, 0.342, 0.346]",9.1e-06,"[1, 2, 3, 4, 5, 6, 7, 8, 9, 10, 11, 12, 13, 14, 15, 16]",The optimizer state was reset before training started.,learning_rate_too_low,The curves moved in the right direction but very slowly: over 16 epochs training loss changed by just 0.138 and the metric changed by 0.064.,Try a learning rate ten times larger while keeping the other settings fixed.
synthetic_v3_insufficient_evidence_034,controlled_synthetic_v3,train,controlled_encoder,text_classification,"[1.46, 1.17, 0.907, 0.678, 0.492, 0.378]","[1.495, 1.21, 0.952, 0.726, 0.543, 0.431]","[0.404, 0.521, 0.626, 0.718, 0.793, 0.838]",[],0.001,"[1, 2, 3, 4, 5, 6]",Data augmentation settings stayed unchanged during training.,insufficient_evidence,"The validation metric and its definition were not recorded, so the available information is incomplete and does not support a reliable diagnosis.","Record the validation metric and its definition, then rerun the evaluation."
synthetic_v3_learning_rate_too_high_017,controlled_synthetic_v3,train,controlled_sequence_net,sequence_classification,"[0.845, 1.91, 1.027, 3.162, 1.016, 3.193, 1.058, 2.546]","[1.024, 2.068, 1.178, 3.278, 1.168, 3.356, 1.195, 2.647]","[0.51, 0.257, 0.56, 0.314, 0.595, 0.341, 0.499, 0.25]","[0.476, 0.236, 0.522, 0.298, 0.555, 0.326, 0.466, 0.239]",0.2318,"[1, 2, 3, 4, 5, 6, 7, 8]",Neither split settled into a downward trend during the run.,learning_rate_too_high,"The large recurring loss spikes were paired with metric drops, such as 0.510 to 0.257 between epochs 1 and 2.",Reduce the learning rate first and check whether the loss begins to converge smoothly.
synthetic_v3_overfitting_016,controlled_synthetic_v3,train,controlled_encoder,text_classification,"[1.475, 1.205, 0.953, 0.72, 0.509, 0.325, 0.176, 0.084]","[1.512, 0.789, 0.348, 0.496, 0.639, 0.779, 0.911, 1.026]","[0.423, 0.529, 0.627, 0.718, 0.801, 0.872, 0.931, 0.966]","[0.413, 0.68, 0.843, 0.797, 0.751, 0.708, 0.666, 0.63]",0.000388,"[1, 2, 3, 4, 5, 6, 7, 8]",The experiment used a fixed random seed.,overfitting,"Validation loss reached its lowest value of 0.348 at epoch 3, then increased to 1.026, while training loss continued decreasing to 0.084.",Use epoch 3 as the early-stopping point and compare it with the final checkpoint.
synthetic_v3_overfitting_041,controlled_synthetic_v3,train,controlled_sequence_net,sequence_classification,"[1.233, 1.054, 0.884, 0.724, 0.574, 0.436, 0.311, 0.201, 0.112, 0.058]","[1.337, 1.144, 0.967, 0.806, 0.666, 0.551, 0.482, 0.633, 0.776, 0.901]","[0.461, 0.536, 0.608, 0.675, 0.738, 0.797, 0.849, 0.895, 0.933, 0.956]","[0.451, 0.546, 0.634, 0.713, 0.783, 0.839, 0.874, 0.776, 0.683, 0.602]",0.00163,"[1, 2, 3, 4, 5, 6, 7, 8, 9, 10]",The best validation checkpoint occurred before the final epoch.,overfitting,"After epoch 7, training continued improving to 0.058 loss, but validation loss moved in the opposite direction and finished at 0.901.",Stop training near epoch 7 and evaluate that checkpoint on a separate holdout.
synthetic_v3_learning_rate_too_high_021,controlled_synthetic_v3,train,controlled_tabular_net,binary_classification,"[1.163, 2.908, 0.969, 2.258, 0.832, 2.46, 0.849, 2.483, 1.167, 2.762, 1.046, 2.63]","[1.307, 3.098, 1.161, 2.359, 0.932, 2.575, 0.951, 2.664, 1.321, 2.946, 1.24, 2.768]","[0.479, 0.269, 0.534, 0.318, 0.511, 0.289, 0.557, 0.28, 0.475, 0.302, 0.569, 0.24]","[0.468, 0.252, 0.515, 0.285, 0.484, 0.256, 0.532, 0.255, 0.448, 0.284, 0.543, 0.2]",0.1855,"[1, 2, 3, 4, 5, 6, 7, 8, 9, 10, 11, 12]",Gradient norms repeatedly spiked after optimizer updates.,learning_rate_too_high,"Training loss repeatedly jumped from 1.163 at epoch 1 to 2.908 at epoch 2 and from 0.969 at epoch 3 to 2.258 at epoch 4, with no stable downward trend.",Lower the learning rate by about 10x and run the same experiment again.
synthetic_v3_learning_rate_too_low_000,controlled_synthetic_v3,train,controlled_mlp,binary_classification,"[1.655, 1.645, 1.635, 1.625, 1.615, 1.605, 1.595, 1.584, 1.574, 1.564, 1.554, 1.544, 1.534]","[1.715, 1.706, 1.697, 1.688, 1.678, 1.669, 1.66, 1.65, 1.641, 1.632, 1.622, 1.613, 1.604]","[0.384, 0.389, 0.394, 0.4, 0.405, 0.41, 0.416, 0.421, 0.427, 0.432, 0.437, 0.443, 0.448]","[0.374, 0.379, 0.384, 0.389, 0.395, 0.4, 0.405, 0.411, 0.416, 0.421, 0.426, 0.432, 0.437]",4.4e-06,"[1, 2, 3, 4, 5, 6, 7, 8, 9, 10, 11, 12, 13]",The run completed without hardware or logging errors.,learning_rate_too_low,"Training loss decreased consistently by only 0.121, from 1.655 to 1.534, across 13 epochs, while the training metric improved by only 0.064.",Increase the learning rate by about 10x and run the same experiment again.
synthetic_v3_underfitting_002,controlled_synthetic_v3,train,controlled_cnn,image_classification,"[1.999, 1.896, 1.81, 1.739, 1.683, 1.641, 1.611, 1.592, 1.583, 1.581]","[2.077, 1.968, 1.876, 1.801, 1.741, 1.696, 1.665, 1.645, 1.635, 1.633]","[0.291, 0.332, 0.368, 0.396, 0.419, 0.436, 0.448, 0.456, 0.46, 0.461]","[0.272, 0.311, 0.344, 0.371, 0.392, 0.408, 0.419, 0.426, 0.43, 0.43]",0.001686,"[1, 2, 3, 4, 5, 6, 7, 8, 9, 10]",Batch size and optimizer settings stayed fixed during the run.,underfitting,"The model still performed poorly on its training data after 10 epochs, with a 0.461 training metric. Validation was similarly weak at 0.430.",Continue training and compare the result with a larger architecture using the same split.
synthetic_v3_insufficient_evidence_045,controlled_synthetic_v3,train,controlled_tabular_net,binary_classification,[0.891],[0.965],[0.679],[0.729],0.001,[1],Only one epoch was recorded.,insufficient_evidence,"Only one epoch is available, so no training or validation trend can be established.",Continue training for more epochs and record both training and validation metrics.
synthetic_v3_insufficient_evidence_021,controlled_synthetic_v3,train,controlled_tabular_net,binary_classification,"[1.242, 1.033, 0.845, 0.681, 0.547, 0.466]",[],"[0.37, 0.491, 0.601, 0.697, 0.775, 0.822]",[],0.001,"[1, 2, 3, 4, 5, 6]",Validation loss and validation metric were not recorded.,insufficient_evidence,"Validation loss and validation metric are missing, so generalization cannot be compared with training performance.",Run the experiment again with validation loss and validation metric logging enabled.
synthetic_v3_overfitting_006,controlled_synthetic_v3,train,controlled_mlp,binary_classification,"[1.404, 1.205, 1.015, 0.836, 0.669, 0.515, 0.376, 0.254, 0.155, 0.094]","[1.51, 0.861, 0.464, 0.517, 0.569, 0.62, 0.669, 0.717, 0.763, 0.803]","[0.544, 0.61, 0.672, 0.731, 0.786, 0.837, 0.883, 0.923, 0.956, 0.975]","[0.534, 0.736, 0.859, 0.83, 0.801, 0.772, 0.745, 0.718, 0.692, 0.67]",0.001476,"[1, 2, 3, 4, 5, 6, 7, 8, 9, 10]",The same architecture was used for the complete experiment.,overfitting,"The generalization gap grew after epoch 3: the final training metric was 0.975, while the validation metric fell to 0.670.",Restore the checkpoint from epoch 3 and test early stopping.
synthetic_v3_learning_rate_too_low_042,controlled_synthetic_v3,train,controlled_mlp,binary_classification,"[1.658, 1.651, 1.643, 1.635, 1.628, 1.62, 1.613, 1.605, 1.597, 1.59, 1.582, 1.574]","[1.718, 1.712, 1.705, 1.698, 1.691, 1.685, 1.678, 1.671, 1.665, 1.658, 1.651, 1.644]","[0.409, 0.414, 0.419, 0.424, 0.429, 0.434, 0.439, 0.444, 0.449, 0.455, 0.46, 0.465]","[0.399, 0.403, 0.408, 0.412, 0.417, 0.421, 0.426, 0.43, 0.435, 0.439, 0.443, 0.448]",8.8e-06,"[1, 2, 3, 4, 5, 6, 7, 8, 9, 10, 11, 12]",Batch size and optimizer settings stayed fixed during the run.,learning_rate_too_low,"Training loss decreased consistently by only 0.084, from 1.658 to 1.574, across 12 epochs, while the training metric improved by only 0.056.",Increase the learning rate by about 10x and run the same experiment again.
synthetic_v3_insufficient_evidence_006,controlled_synthetic_v3,train,controlled_mlp,binary_classification,"[1.627, 1.317, 1.036, 0.791, 0.591, 0.47]",[],"[0.373, 0.478, 0.573, 0.656, 0.723, 0.764]",[],0.001,"[1, 2, 3, 4, 5, 6]",The same architecture was used for the complete experiment.,insufficient_evidence,"Validation loss and validation metric are missing, so generalization cannot be compared with training performance.",Run the experiment again with validation loss and validation metric logging enabled.
synthetic_v3_data_leakage_suspected_031,controlled_synthetic_v3,train,controlled_mlp,multiclass_classification,"[0.42, 0.313, 0.216, 0.131, 0.063, 0.021]","[0.38, 0.286, 0.202, 0.128, 0.068, 0.031]","[0.84, 0.881, 0.919, 0.951, 0.978, 0.994]","[0.88, 0.911, 0.939, 0.963, 0.983, 0.995]",0.001,"[1, 2, 3, 4, 5, 6]",The scaler and feature selector were fitted on the complete dataset before the train-validation split. Metric on a clean holdout was 0.64.,data_leakage_suspected,"Preprocessing was fitted before the split, so validation information entered the training pipeline. Validation metric was 0.995, compared with 0.640 on a clean holdout.","Rebuild the splits around independent groups, then rerun preprocessing and training."
synthetic_v3_learning_rate_too_low_020,controlled_synthetic_v3,train,controlled_cnn,image_classification,"[1.793, 1.788, 1.782, 1.776, 1.77, 1.764, 1.758, 1.752, 1.746, 1.74, 1.734, 1.728, 1.722, 1.716]","[1.853, 1.848, 1.843, 1.838, 1.833, 1.828, 1.822, 1.817, 1.812, 1.807, 1.802, 1.797, 1.791, 1.786]","[0.31, 0.316, 0.321, 0.326, 0.331, 0.337, 0.342, 0.347, 0.352, 0.358, 0.363, 0.368, 0.373, 0.379]","[0.3, 0.305, 0.31, 0.314, 0.319, 0.323, 0.328, 0.333, 0.337, 0.342, 0.346, 0.351, 0.356, 0.36]",4.6e-06,"[1, 2, 3, 4, 5, 6, 7, 8, 9, 10, 11, 12, 13, 14]",The run completed without hardware or logging errors.,learning_rate_too_low,"Despite 14 stable epochs, training loss only moved from 1.793 to 1.716, leaving performance poor within the available budget.",Raise the learning rate and compare how much progress is made in the same epoch budget.
synthetic_v3_healthy_026,controlled_synthetic_v3,train,controlled_cnn,image_classification,"[1.244, 1.032, 0.835, 0.652, 0.487, 0.343, 0.226, 0.154]","[1.298, 1.093, 0.9, 0.723, 0.563, 0.423, 0.309, 0.24]","[0.526, 0.611, 0.69, 0.763, 0.829, 0.886, 0.933, 0.962]","[0.515, 0.599, 0.677, 0.749, 0.814, 0.871, 0.917, 0.946]",0.002551,"[1, 2, 3, 4, 5, 6, 7, 8]",The same architecture was used for the complete experiment.,healthy,"Training and validation followed the same improving trend: losses ended at 0.154 and 0.240, while their metrics reached 0.962 and 0.946.",Repeat the experiment once more to confirm that the stable result is reproducible.
synthetic_v3_underfitting_038,controlled_synthetic_v3,train,controlled_cnn,image_classification,"[2.168, 1.979, 1.83, 1.718, 1.638, 1.589, 1.564, 1.559]","[2.215, 2.022, 1.87, 1.755, 1.674, 1.623, 1.598, 1.592]","[0.321, 0.385, 0.435, 0.474, 0.501, 0.517, 0.526, 0.528]","[0.317, 0.372, 0.416, 0.448, 0.471, 0.486, 0.493, 0.495]",0.001662,"[1, 2, 3, 4, 5, 6, 7, 8]",No checkpoints were removed from the recorded history.,underfitting,"The model still performed poorly on its training data after 8 epochs, with a 0.528 training metric. Validation was similarly weak at 0.495.",Continue training and compare the result with a larger architecture using the same split.
synthetic_v3_overfitting_015,controlled_synthetic_v3,train,controlled_tabular_net,binary_classification,"[1.458, 1.276, 1.102, 0.936, 0.78, 0.633, 0.498, 0.376, 0.27, 0.183, 0.13]","[1.558, 1.292, 1.046, 0.824, 0.63, 0.472, 0.376, 0.601, 0.818, 1.024, 1.204]","[0.445, 0.517, 0.587, 0.653, 0.715, 0.773, 0.827, 0.876, 0.918, 0.952, 0.974]","[0.435, 0.52, 0.598, 0.669, 0.731, 0.781, 0.811, 0.766, 0.723, 0.682, 0.647]",0.000463,"[1, 2, 3, 4, 5, 6, 7, 8, 9, 10, 11]",The train-validation gap became larger near the end of the run.,overfitting,"Validation performance was best at epoch 7 and became worse afterward, even though training loss kept falling to 0.130.",Restore the checkpoint from epoch 7 and test early stopping.
synthetic_v3_data_leakage_suspected_043,controlled_synthetic_v3,train,controlled_mlp,multiclass_classification,"[0.42, 0.318, 0.225, 0.145, 0.079, 0.039]","[0.38, 0.284, 0.196, 0.12, 0.058, 0.021]","[0.84, 0.881, 0.918, 0.951, 0.977, 0.993]","[0.88, 0.91, 0.937, 0.961, 0.981, 0.992]",0.001,"[1, 2, 3, 4, 5, 6]",The scaler and feature selector were fitted on the complete dataset before the train-validation split. Metric on a clean holdout was 0.64.,data_leakage_suspected,"Preprocessing was fitted before the split, so validation information entered the training pipeline. Validation metric was 0.992, compared with 0.640 on a clean holdout.","Rebuild the splits around independent groups, then rerun preprocessing and training."
synthetic_v3_overfitting_025,controlled_synthetic_v3,train,controlled_mlp,multiclass_classification,"[1.275, 1.12, 0.971, 0.83, 0.696, 0.571, 0.456, 0.352, 0.261, 0.187, 0.142]","[1.342, 1.159, 0.987, 0.829, 0.685, 0.56, 0.459, 0.396, 0.608, 0.81, 0.986]","[0.469, 0.535, 0.599, 0.66, 0.717, 0.771, 0.821, 0.865, 0.905, 0.936, 0.956]","[0.459, 0.522, 0.581, 0.635, 0.684, 0.727, 0.762, 0.783, 0.736, 0.691, 0.652]",0.002315,"[1, 2, 3, 4, 5, 6, 7, 8, 9, 10, 11]",The train-validation gap became larger near the end of the run.,overfitting,"After epoch 8, training continued improving to 0.142 loss, but validation loss moved in the opposite direction and finished at 0.986.",Use epoch 8 as the early-stopping point and compare it with the final checkpoint.
synthetic_v3_insufficient_evidence_042,controlled_synthetic_v3,train,controlled_mlp,binary_classification,"[1.108, 0.863]","[1.166, 0.895]",[],[],0.001,"[1, 2]",Batch size and optimizer settings stayed fixed during the run.,insufficient_evidence,"Only two epochs are available and both training and validation metrics are missing, so the early loss decrease does not support a specific diagnosis.",Collect more epochs and record training and validation metrics before diagnosing the run again.
synthetic_v3_learning_rate_too_low_012,controlled_synthetic_v3,train,controlled_mlp,binary_classification,"[1.593, 1.584, 1.575, 1.566, 1.557, 1.548, 1.539, 1.53, 1.521, 1.512, 1.503, 1.494]","[1.653, 1.645, 1.637, 1.629, 1.621, 1.613, 1.605, 1.597, 1.588, 1.58, 1.572, 1.564]","[0.334, 0.341, 0.348, 0.355, 0.361, 0.368, 0.375, 0.382, 0.389, 0.396, 0.403, 0.41]","[0.324, 0.329, 0.335, 0.34, 0.346, 0.351, 0.356, 0.362, 0.367, 0.373, 0.378, 0.384]",4.4e-06,"[1, 2, 3, 4, 5, 6, 7, 8, 9, 10, 11, 12]",Gradient clipping was enabled with the same limit in every epoch.,learning_rate_too_low,"Training loss decreased consistently by only 0.099, from 1.593 to 1.494, across 12 epochs, while the training metric improved by only 0.076.",Increase the learning rate by about 10x and run the same experiment again.
synthetic_v3_underfitting_027,controlled_synthetic_v3,train,controlled_tabular_net,binary_classification,"[1.89, 1.761, 1.65, 1.558, 1.482, 1.421, 1.376, 1.344, 1.324, 1.314, 1.312]","[1.965, 1.836, 1.725, 1.632, 1.556, 1.496, 1.45, 1.418, 1.398, 1.388, 1.386]","[0.367, 0.401, 0.429, 0.453, 0.473, 0.488, 0.5, 0.508, 0.513, 0.516, 0.517]","[0.366, 0.395, 0.42, 0.441, 0.458, 0.471, 0.482, 0.489, 0.493, 0.496, 0.496]",0.002299,"[1, 2, 3, 4, 5, 6, 7, 8, 9, 10, 11]",Training and validation remained close but both results were weak.,underfitting,Training remained poor after 11 epochs: training loss was 1.312 and training metric was 0.517. Validation values were similarly poor at 1.386 loss and 0.496 metric.,"Train for more epochs and, if training remains poor, test a larger model."
synthetic_v3_data_leakage_suspected_019,controlled_synthetic_v3,train,controlled_mlp,multiclass_classification,"[0.42, 0.314, 0.218, 0.134, 0.066, 0.025]","[0.38, 0.283, 0.194, 0.118, 0.055, 0.017]","[0.84, 0.881, 0.918, 0.95, 0.976, 0.992]","[0.88, 0.912, 0.941, 0.966, 0.986, 0.999]",0.001,"[1, 2, 3, 4, 5, 6]",The scaler and feature selector were fitted on the complete dataset before the train-validation split. Metric on a clean holdout was 0.64.,data_leakage_suspected,"Preprocessing was fitted before the split, so validation information entered the training pipeline. Validation metric was 0.999, compared with 0.640 on a clean holdout.","Rebuild the splits around independent groups, then rerun preprocessing and training."
synthetic_v3_underfitting_047,controlled_synthetic_v3,train,controlled_sequence_net,sequence_classification,"[1.893, 1.697, 1.543, 1.426, 1.343, 1.292, 1.266, 1.26]","[1.954, 1.769, 1.622, 1.511, 1.433, 1.384, 1.36, 1.354]","[0.265, 0.345, 0.408, 0.456, 0.489, 0.51, 0.521, 0.523]","[0.251, 0.33, 0.393, 0.44, 0.473, 0.494, 0.504, 0.507]",0.00203,"[1, 2, 3, 4, 5, 6, 7, 8]",Training and validation remained close but both results were weak.,underfitting,"The model still performed poorly on its training data after 8 epochs, with a 0.523 training metric. Validation was similarly weak at 0.507.",Continue training and compare the result with a larger architecture using the same split.
synthetic_v3_insufficient_evidence_038,controlled_synthetic_v3,train,controlled_cnn,image_classification,"[1.093, 0.893, 0.738, 0.629, 0.547]","[1.154, 0.926, 0.787, 0.667, 0.611]","[0.662, 0.622, 0.582, 0.542, 0.502]","[0.635, 0.61, 0.557, 0.527, 0.477]",0.001,"[1, 2, 3, 4, 5]",No checkpoints were removed from the recorded history.,insufficient_evidence,"The losses improve but both recorded metrics become worse, so the logs are contradictory and may use an unknown metric direction or contain a logging error.","Verify the metric definition and logging code, then repeat the run before diagnosing it."
synthetic_v3_overfitting_026,controlled_synthetic_v3,train,controlled_cnn,image_classification,"[1.266, 1.076, 0.897, 0.729, 0.574, 0.435, 0.313, 0.213, 0.153]","[1.333, 0.808, 0.487, 0.581, 0.673, 0.763, 0.85, 0.932, 1.004]","[0.523, 0.598, 0.668, 0.734, 0.795, 0.85, 0.898, 0.937, 0.961]","[0.513, 0.689, 0.796, 0.769, 0.743, 0.718, 0.693, 0.67, 0.65]",0.002997,"[1, 2, 3, 4, 5, 6, 7, 8, 9]",The same architecture was used for the complete experiment.,overfitting,"The generalization gap grew after epoch 3: the final training metric was 0.961, while the validation metric fell to 0.650.",Stop training near epoch 3 and evaluate that checkpoint on a separate holdout.
synthetic_v3_insufficient_evidence_007,controlled_synthetic_v3,train,controlled_mlp,multiclass_classification,"[1.13, 0.889]","[1.156, 0.925]",[],[],0.001,"[1, 2]",Only two epochs and no accuracy metrics were recorded.,insufficient_evidence,"Only two epochs are available and both training and validation metrics are missing, so the early loss decrease does not support a specific diagnosis.",Collect more epochs and record training and validation metrics before diagnosing the run again.
synthetic_v3_underfitting_005,controlled_synthetic_v3,train,controlled_sequence_net,sequence_classification,"[2.128, 1.966, 1.825, 1.704, 1.603, 1.52, 1.455, 1.405, 1.37, 1.348, 1.338, 1.335]","[2.166, 2.004, 1.863, 1.742, 1.641, 1.558, 1.492, 1.443, 1.408, 1.386, 1.375, 1.373]","[0.36, 0.383, 0.404, 0.421, 0.436, 0.447, 0.457, 0.464, 0.469, 0.472, 0.474, 0.474]","[0.345, 0.366, 0.384, 0.399, 0.412, 0.423, 0.431, 0.438, 0.442, 0.445, 0.446, 0.447]",0.002518,"[1, 2, 3, 4, 5, 6, 7, 8, 9, 10, 11, 12]",Adding a few extra epochs caused almost no change after the plateau.,underfitting,"The model still performed poorly on its training data after 12 epochs, with a 0.474 training metric. Validation was similarly weak at 0.447.",Continue training and compare the result with a larger architecture using the same split.
synthetic_v3_learning_rate_too_low_027,controlled_synthetic_v3,train,controlled_tabular_net,binary_classification,"[1.736, 1.73, 1.725, 1.719, 1.714, 1.708, 1.702, 1.697, 1.691, 1.686, 1.68, 1.674, 1.669, 1.663]","[1.796, 1.791, 1.786, 1.781, 1.777, 1.772, 1.767, 1.762, 1.757, 1.753, 1.748, 1.743, 1.738, 1.733]","[0.324, 0.328, 0.333, 0.337, 0.342, 0.346, 0.351, 0.355, 0.36, 0.365, 0.369, 0.374, 0.378, 0.383]","[0.314, 0.317, 0.32, 0.323, 0.326, 0.329, 0.332, 0.335, 0.338, 0.342, 0.345, 0.348, 0.351, 0.354]",4.2e-06,"[1, 2, 3, 4, 5, 6, 7, 8, 9, 10, 11, 12, 13, 14]",The available epoch budget ended before the model reached a useful result.,learning_rate_too_low,"Training loss decreased consistently by only 0.073, from 1.736 to 1.663, across 14 epochs, while the training metric improved by only 0.059.",Increase the learning rate by about 10x and run the same experiment again.
synthetic_v3_underfitting_028,controlled_synthetic_v3,train,controlled_encoder,text_classification,"[2.176, 2.024, 1.893, 1.784, 1.694, 1.623, 1.57, 1.532, 1.509, 1.497, 1.494]","[2.259, 2.098, 1.961, 1.846, 1.751, 1.676, 1.62, 1.58, 1.555, 1.543, 1.54]","[0.281, 0.34, 0.391, 0.433, 0.468, 0.496, 0.517, 0.531, 0.54, 0.545, 0.546]","[0.265, 0.32, 0.366, 0.405, 0.437, 0.463, 0.482, 0.495, 0.504, 0.508, 0.509]",0.000985,"[1, 2, 3, 4, 5, 6, 7, 8, 9, 10, 11]",No learning-rate scheduler was enabled.,underfitting,"Both splits reached a weak plateau. Training and validation losses ended close together at 1.494 and 1.540, and neither metric exceeded 0.546.","Increase the training budget first, then try a model with more capacity if the plateau remains."
synthetic_v3_underfitting_006,controlled_synthetic_v3,train,controlled_mlp,binary_classification,"[2.209, 2.093, 1.992, 1.905, 1.832, 1.773, 1.726, 1.69, 1.665, 1.649, 1.642, 1.64]","[2.278, 2.163, 2.063, 1.977, 1.905, 1.846, 1.8, 1.765, 1.74, 1.724, 1.717, 1.715]","[0.253, 0.312, 0.364, 0.407, 0.444, 0.474, 0.498, 0.516, 0.529, 0.537, 0.541, 0.541]","[0.236, 0.295, 0.346, 0.39, 0.426, 0.456, 0.48, 0.498, 0.51, 0.518, 0.522, 0.523]",0.000951,"[1, 2, 3, 4, 5, 6, 7, 8, 9, 10, 11, 12]",The same architecture was used for the complete experiment.,underfitting,Training remained poor after 12 epochs: training loss was 1.640 and training metric was 0.541. Validation values were similarly poor at 1.715 loss and 0.523 metric.,"Train for more epochs and, if training remains poor, test a larger model."
synthetic_v3_healthy_031,controlled_synthetic_v3,train,controlled_mlp,multiclass_classification,"[1.458, 1.231, 1.017, 0.816, 0.631, 0.464, 0.318, 0.199, 0.127]","[1.521, 1.298, 1.087, 0.89, 0.709, 0.544, 0.401, 0.284, 0.213]","[0.544, 0.606, 0.663, 0.717, 0.767, 0.812, 0.851, 0.883, 0.903]","[0.533, 0.59, 0.643, 0.694, 0.74, 0.782, 0.818, 0.848, 0.866]",0.002101,"[1, 2, 3, 4, 5, 6, 7, 8, 9]",The gap between the two splits stayed small throughout the run.,healthy,"Both splits improved over 9 epochs. Final losses were 0.127 for training and 0.213 for validation, with final metrics of 0.903 and 0.866.",Run the same configuration with a second seed and compare the final metrics.
synthetic_v3_healthy_032,controlled_synthetic_v3,train,controlled_cnn,image_classification,"[1.668, 1.454, 1.251, 1.059, 0.879, 0.713, 0.564, 0.433, 0.326, 0.261]","[1.735, 1.521, 1.317, 1.125, 0.946, 0.78, 0.63, 0.499, 0.393, 0.328]","[0.381, 0.47, 0.554, 0.634, 0.709, 0.777, 0.84, 0.894, 0.938, 0.965]","[0.355, 0.44, 0.521, 0.598, 0.67, 0.736, 0.795, 0.848, 0.89, 0.916]",0.002489,"[1, 2, 3, 4, 5, 6, 7, 8, 9, 10]",Gradient clipping was enabled with the same limit in every epoch.,healthy,"Training and validation followed the same improving trend: losses ended at 0.261 and 0.328, while their metrics reached 0.965 and 0.916.",Repeat the experiment once more to confirm that the stable result is reproducible.
synthetic_v3_learning_rate_too_high_005,controlled_synthetic_v3,train,controlled_sequence_net,sequence_classification,"[1.086, 2.741, 1.404, 2.982, 0.951, 2.76, 1.13, 3.244, 1.026, 2.418]","[1.259, 2.839, 1.489, 3.177, 1.04, 2.951, 1.289, 3.414, 1.132, 2.597]","[0.491, 0.301, 0.491, 0.22, 0.561, 0.243, 0.458, 0.363, 0.484, 0.242]","[0.478, 0.281, 0.467, 0.19, 0.547, 0.204, 0.419, 0.348, 0.454, 0.206]",0.1689,"[1, 2, 3, 4, 5, 6, 7, 8, 9, 10]",Large loss jumps continued even though the batch size stayed fixed.,learning_rate_too_high,"The large recurring loss spikes were paired with metric drops, such as 0.491 to 0.301 between epochs 1 and 2.",Reduce the learning rate first and check whether the loss begins to converge smoothly.
synthetic_v3_overfitting_030,controlled_synthetic_v3,train,controlled_mlp,binary_classification,"[1.474, 1.265, 1.067, 0.88, 0.704, 0.543, 0.396, 0.269, 0.165, 0.102]","[1.511, 1.131, 0.8, 0.53, 0.366, 0.523, 0.676, 0.824, 0.964, 1.087]","[0.48, 0.557, 0.631, 0.7, 0.765, 0.825, 0.879, 0.926, 0.965, 0.988]","[0.47, 0.591, 0.697, 0.783, 0.835, 0.806, 0.777, 0.75, 0.724, 0.701]",0.001617,"[1, 2, 3, 4, 5, 6, 7, 8, 9, 10]",The optimizer state was reset before training started.,overfitting,"The generalization gap grew after epoch 5: the final training metric was 0.988, while the validation metric fell to 0.701.",Restore the checkpoint from epoch 5 and test early stopping.
synthetic_v3_data_leakage_suspected_026,controlled_synthetic_v3,train,controlled_cnn,image_classification,"[0.42, 0.315, 0.219, 0.136, 0.068, 0.027]","[0.38, 0.285, 0.199, 0.123, 0.062, 0.025]","[0.84, 0.878, 0.912, 0.941, 0.965, 0.98]","[0.88, 0.912, 0.94, 0.965, 0.985, 0.998]",0.001,"[1, 2, 3, 4, 5, 6]",A feature audit found that the input column named target_copy exactly matched the target for every training and validation sample. Clean holdout metric was 0.61.,data_leakage_suspected,"The target_copy input feature directly revealed the target in both splits. Validation metric was 0.998, but it fell to 0.610 after removing that feature on a clean holdout.","Remove the overlap, retrain from scratch, and verify the result on a clean holdout."
synthetic_v3_learning_rate_too_low_025,controlled_synthetic_v3,train,controlled_mlp,multiclass_classification,"[1.471, 1.467, 1.462, 1.458, 1.453, 1.449, 1.445, 1.44, 1.436, 1.431, 1.427, 1.422, 1.418, 1.414, 1.409, 1.405]","[1.531, 1.527, 1.524, 1.52, 1.516, 1.512, 1.509, 1.505, 1.501, 1.497, 1.494, 1.49, 1.486, 1.482, 1.478, 1.475]","[0.374, 0.377, 0.38, 0.383, 0.385, 0.388, 0.391, 0.394, 0.397, 0.4, 0.402, 0.405, 0.408, 0.411, 0.414, 0.417]","[0.364, 0.367, 0.369, 0.372, 0.375, 0.378, 0.38, 0.383, 0.386, 0.388, 0.391, 0.394, 0.397, 0.399, 0.402, 0.405]",7e-06,"[1, 2, 3, 4, 5, 6, 7, 8, 9, 10, 11, 12, 13, 14, 15, 16]",The curves moved in the correct direction at an impractically slow pace.,learning_rate_too_low,The curves moved in the right direction but very slowly: over 16 epochs training loss changed by just 0.066 and the metric changed by 0.043.,Try a learning rate ten times larger while keeping the other settings fixed.
synthetic_v3_insufficient_evidence_002,controlled_synthetic_v3,train,controlled_cnn,image_classification,"[1.22, 0.934]","[1.272, 0.984]",[],[],0.001,"[1, 2]",Batch size and optimizer settings stayed fixed during the run.,insufficient_evidence,"Only two epochs are available and both training and validation metrics are missing, so the early loss decrease does not support a specific diagnosis.",Collect more epochs and record training and validation metrics before diagnosing the run again.
synthetic_v3_healthy_016,controlled_synthetic_v3,train,controlled_encoder,text_classification,"[1.338, 1.19, 1.048, 0.913, 0.783, 0.662, 0.547, 0.442, 0.347, 0.264, 0.196, 0.155]","[1.374, 1.231, 1.092, 0.96, 0.834, 0.716, 0.605, 0.502, 0.41, 0.329, 0.263, 0.223]","[0.396, 0.467, 0.535, 0.6, 0.662, 0.72, 0.775, 0.826, 0.871, 0.911, 0.944, 0.963]","[0.37, 0.443, 0.512, 0.579, 0.642, 0.702, 0.758, 0.809, 0.856, 0.897, 0.93, 0.95]",0.000943,"[1, 2, 3, 4, 5, 6, 7, 8, 9, 10, 11, 12]",The experiment used a fixed random seed.,healthy,"Both splits improved over 12 epochs. Final losses were 0.155 for training and 0.223 for validation, with final metrics of 0.963 and 0.950.",Run the same configuration with a second seed and compare the final metrics.
synthetic_v3_insufficient_evidence_016,controlled_synthetic_v3,train,controlled_encoder,text_classification,"[1.624, 1.301, 1.008, 0.752, 0.545, 0.418]",[],"[0.371, 0.479, 0.577, 0.663, 0.733, 0.775]",[],0.001,"[1, 2, 3, 4, 5, 6]",The experiment used a fixed random seed.,insufficient_evidence,"Validation loss and validation metric are missing, so generalization cannot be compared with training performance.",Run the experiment again with validation loss and validation metric logging enabled.
synthetic_v3_overfitting_022,controlled_synthetic_v3,train,controlled_encoder,text_classification,"[1.153, 0.945, 0.751, 0.572, 0.41, 0.268, 0.153, 0.083]","[1.193, 0.873, 0.613, 0.455, 0.652, 0.843, 1.024, 1.182]","[0.524, 0.606, 0.684, 0.755, 0.82, 0.876, 0.922, 0.95]","[0.514, 0.666, 0.789, 0.864, 0.8, 0.738, 0.68, 0.629]",0.000446,"[1, 2, 3, 4, 5, 6, 7, 8]",Batch size and optimizer settings stayed fixed during the run.,overfitting,"The generalization gap grew after epoch 4: the final training metric was 0.950, while the validation metric fell to 0.629.",Use epoch 4 as the early-stopping point and compare it with the final checkpoint.
synthetic_v3_learning_rate_too_low_036,controlled_synthetic_v3,train,controlled_mlp,binary_classification,"[1.445, 1.44, 1.434, 1.429, 1.423, 1.418, 1.412, 1.407, 1.401, 1.396, 1.39, 1.385, 1.379, 1.374, 1.368, 1.363]","[1.505, 1.5, 1.496, 1.491, 1.486, 1.481, 1.476, 1.471, 1.466, 1.462, 1.457, 1.452, 1.447, 1.442, 1.437, 1.433]","[0.301, 0.304, 0.307, 0.31, 0.312, 0.315, 0.318, 0.321, 0.324, 0.326, 0.329, 0.332, 0.335, 0.338, 0.34, 0.343]","[0.291, 0.293, 0.294, 0.296, 0.297, 0.299, 0.3, 0.302, 0.303, 0.305, 0.306, 0.308, 0.309, 0.311, 0.312, 0.314]",9.8e-06,"[1, 2, 3, 4, 5, 6, 7, 8, 9, 10, 11, 12, 13, 14, 15, 16]",The experiment used a fixed random seed.,learning_rate_too_low,"Training loss decreased consistently by only 0.082, from 1.445 to 1.363, across 16 epochs, while the training metric improved by only 0.042.",Increase the learning rate by about 10x and run the same experiment again.
synthetic_v3_healthy_000,controlled_synthetic_v3,train,controlled_mlp,binary_classification,"[1.215, 1.011, 0.82, 0.644, 0.485, 0.346, 0.233, 0.164]","[1.265, 1.066, 0.879, 0.707, 0.722, 0.416, 0.306, 0.238]","[0.485, 0.578, 0.665, 0.744, 0.817, 0.88, 0.931, 0.962]","[0.482, 0.57, 0.652, 0.728, 0.723, 0.857, 0.905, 0.935]",0.00038,"[1, 2, 3, 4, 5, 6, 7, 8]",The run completed without hardware or logging errors.,healthy,"Across 8 epochs, training loss decreased from 1.215 to 0.164 and validation loss decreased from 1.265 to 0.238. The final training and validation metrics remained close at 0.962 and 0.935.",Repeat the run with another random seed to check that the result is reproducible.
synthetic_v3_healthy_022,controlled_synthetic_v3,train,controlled_encoder,text_classification,"[1.597, 1.422, 1.254, 1.094, 0.941, 0.797, 0.662, 0.537, 0.425, 0.327, 0.247, 0.198]","[1.644, 1.469, 1.3, 1.139, 0.986, 0.842, 0.706, 0.581, 0.469, 0.37, 0.29, 0.241]","[0.362, 0.435, 0.506, 0.574, 0.638, 0.699, 0.756, 0.808, 0.856, 0.897, 0.931, 0.952]","[0.36, 0.431, 0.5, 0.565, 0.627, 0.686, 0.741, 0.791, 0.837, 0.877, 0.91, 0.929]",0.000435,"[1, 2, 3, 4, 5, 6, 7, 8, 9, 10, 11, 12]",Batch size and optimizer settings stayed fixed during the run.,healthy,"Both splits improved over 12 epochs. Final losses were 0.198 for training and 0.241 for validation, with final metrics of 0.952 and 0.929.",Run the same configuration with a second seed and compare the final metrics.
synthetic_v3_insufficient_evidence_022,controlled_synthetic_v3,train,controlled_encoder,text_classification,"[1.254, 0.999]","[1.289, 1.036]",[],[],0.001,"[1, 2]",Batch size and optimizer settings stayed fixed during the run.,insufficient_evidence,"Only two epochs are available and both training and validation metrics are missing, so the early loss decrease does not support a specific diagnosis.",Collect more epochs and record training and validation metrics before diagnosing the run again.
synthetic_v3_learning_rate_too_high_023,controlled_synthetic_v3,train,controlled_sequence_net,sequence_classification,"[1.44, 2.919, 0.817, 3.344, 1.3, 3.278, 1.445, 3.201, 0.839, 3.199, 0.925, 2.967]","[1.619, 3.09, 0.978, 3.483, 1.449, 3.39, 1.575, 3.335, 0.995, 3.385, 1.016, 3.109]","[0.492, 0.369, 0.505, 0.371, 0.499, 0.2, 0.566, 0.332, 0.56, 0.283, 0.55, 0.264]","[0.48, 0.343, 0.488, 0.348, 0.483, 0.182, 0.531, 0.312, 0.533, 0.256, 0.525, 0.244]",0.2206,"[1, 2, 3, 4, 5, 6, 7, 8, 9, 10, 11, 12]",The same optimizer converged when a much smaller rate was used in a pilot run.,learning_rate_too_high,"The large recurring loss spikes were paired with metric drops, such as 0.492 to 0.369 between epochs 1 and 2.",Reduce the learning rate first and check whether the loss begins to converge smoothly.
synthetic_v3_learning_rate_too_high_028,controlled_synthetic_v3,train,controlled_encoder,text_classification,"[1.097, 2.666, 0.789, 3.189, 0.867, 2.136, 1.291, 3.241]","[1.258, 2.76, 0.958, 3.269, 1.05, 2.217, 1.377, 3.365]","[0.588, 0.232, 0.594, 0.206, 0.57, 0.329, 0.548, 0.24]","[0.571, 0.195, 0.574, 0.171, 0.543, 0.315, 0.518, 0.228]",0.1058,"[1, 2, 3, 4, 5, 6, 7, 8]",No learning-rate scheduler was enabled.,learning_rate_too_high,"Loss oscillated throughout 8 epochs, including increases from 1.097 to 2.666 and from 0.789 to 3.189; the run did not converge.",Repeat the configuration with a learning rate ten times smaller.
synthetic_v3_insufficient_evidence_041,controlled_synthetic_v3,train,controlled_sequence_net,sequence_classification,"[1.362, 1.146, 0.951, 0.78, 0.642, 0.557]",[],"[0.355, 0.489, 0.61, 0.715, 0.801, 0.853]",[],0.001,"[1, 2, 3, 4, 5, 6]",Validation loss and validation metric were not recorded.,insufficient_evidence,"Validation loss and validation metric are missing, so generalization cannot be compared with training performance.",Run the experiment again with validation loss and validation metric logging enabled.
synthetic_v3_insufficient_evidence_031,controlled_synthetic_v3,train,controlled_mlp,multiclass_classification,"[1.411, 1.156, 0.925, 0.724, 0.56, 0.46]",[],"[0.449, 0.557, 0.654, 0.739, 0.808, 0.85]",[],0.001,"[1, 2, 3, 4, 5, 6]",Validation loss and validation metric were not recorded.,insufficient_evidence,"Validation loss and validation metric are missing, so generalization cannot be compared with training performance.",Run the experiment again with validation loss and validation metric logging enabled.
synthetic_v3_learning_rate_too_high_024,controlled_synthetic_v3,train,controlled_mlp,binary_classification,"[0.782, 2.839, 1.336, 1.924, 1.401, 2.137, 1.07, 3.388]","[0.913, 3.038, 1.525, 2.11, 1.517, 2.322, 1.255, 3.479]","[0.504, 0.215, 0.55, 0.317, 0.458, 0.313, 0.559, 0.336]","[0.481, 0.202, 0.537, 0.301, 0.446, 0.285, 0.533, 0.313]",0.052,"[1, 2, 3, 4, 5, 6, 7, 8]",Metrics were recorded once at the end of every epoch.,learning_rate_too_high,"Training loss repeatedly jumped from 0.782 at epoch 1 to 2.839 at epoch 2 and from 1.336 at epoch 3 to 1.924 at epoch 4, with no stable downward trend.",Lower the learning rate by about 10x and run the same experiment again.
synthetic_v3_data_leakage_suspected_048,controlled_synthetic_v3,train,controlled_mlp,binary_classification,"[0.42, 0.313, 0.216, 0.131, 0.062, 0.02]","[0.38, 0.288, 0.204, 0.131, 0.072, 0.036]","[0.84, 0.881, 0.919, 0.952, 0.978, 0.994]","[0.88, 0.912, 0.94, 0.965, 0.985, 0.998]",0.001,"[1, 2, 3, 4, 5, 6]",A split audit found 270 identical samples in both the training and validation sets. Accuracy on a deduplicated holdout was 0.68.,data_leakage_suspected,"The split audit found 270 exact duplicates shared by the training and validation sets. Validation metric was 0.998, but the deduplicated holdout metric was 0.680.","Create a new clean split before preprocessing, remove the leakage source, and evaluate the same configuration on an untouched holdout set."
synthetic_v3_overfitting_019,controlled_synthetic_v3,train,controlled_mlp,multiclass_classification,"[1.424, 1.224, 1.033, 0.854, 0.685, 0.53, 0.39, 0.267, 0.168, 0.107]","[1.508, 1.276, 1.062, 0.868, 0.699, 0.562, 0.478, 0.708, 0.926, 1.117]","[0.491, 0.561, 0.627, 0.69, 0.749, 0.803, 0.852, 0.895, 0.93, 0.951]","[0.481, 0.55, 0.614, 0.671, 0.722, 0.763, 0.787, 0.743, 0.701, 0.665]",0.002623,"[1, 2, 3, 4, 5, 6, 7, 8, 9, 10]",A second seed showed the same late divergence between the two splits.,overfitting,"Validation performance was best at epoch 7 and became worse afterward, even though training loss kept falling to 0.107.",Use epoch 7 as the early-stopping point and compare it with the final checkpoint.
synthetic_v3_data_leakage_suspected_040,controlled_synthetic_v3,train,controlled_encoder,text_classification,"[0.42, 0.323, 0.236, 0.16, 0.098, 0.06]","[0.38, 0.286, 0.201, 0.127, 0.067, 0.03]","[0.84, 0.878, 0.913, 0.944, 0.968, 0.983]","[0.88, 0.91, 0.938, 0.962, 0.981, 0.993]",0.001,"[1, 2, 3, 4, 5, 6]",Augmentation was applied before splitting and created 140 near-identical image pairs across training and validation.,data_leakage_suspected,The audit found 140 near-duplicate augmented images shared between the training and validation splits.,"Rebuild the splits around independent groups, then rerun preprocessing and training."
synthetic_v3_learning_rate_too_low_017,controlled_synthetic_v3,train,controlled_sequence_net,sequence_classification,"[1.437, 1.431, 1.425, 1.419, 1.413, 1.407, 1.401, 1.395, 1.389, 1.383, 1.377, 1.371]","[1.497, 1.492, 1.486, 1.481, 1.476, 1.471, 1.466, 1.461, 1.456, 1.451, 1.446, 1.441]","[0.33, 0.333, 0.336, 0.339, 0.342, 0.345, 0.349, 0.352, 0.355, 0.358, 0.361, 0.364]","[0.32, 0.322, 0.323, 0.325, 0.327, 0.328, 0.33, 0.331, 0.333, 0.334, 0.336, 0.338]",9.2e-06,"[1, 2, 3, 4, 5, 6, 7, 8, 9, 10, 11, 12]",The available epoch budget ended before the model reached a useful result.,learning_rate_too_low,"Despite 12 stable epochs, training loss only moved from 1.437 to 1.371, leaving performance poor within the available budget.",Raise the learning rate and compare how much progress is made in the same epoch budget.
synthetic_v3_insufficient_evidence_025,controlled_synthetic_v3,train,controlled_mlp,multiclass_classification,[1.364],[1.419],[0.592],[0.573],0.001,[1],Only one epoch was recorded.,insufficient_evidence,"Only one epoch is available, so no training or validation trend can be established.",Continue training for more epochs and record both training and validation metrics.
synthetic_v3_underfitting_040,controlled_synthetic_v3,train,controlled_encoder,text_classification,"[2.295, 2.088, 1.915, 1.773, 1.661, 1.576, 1.516, 1.479, 1.46, 1.456]","[2.358, 2.148, 1.971, 1.827, 1.712, 1.626, 1.565, 1.527, 1.508, 1.504]","[0.348, 0.374, 0.395, 0.413, 0.427, 0.438, 0.445, 0.45, 0.452, 0.453]","[0.341, 0.36, 0.377, 0.39, 0.4, 0.408, 0.414, 0.417, 0.419, 0.42]",0.002664,"[1, 2, 3, 4, 5, 6, 7, 8, 9, 10]",The run completed without hardware or logging errors.,underfitting,"Both splits reached a weak plateau. Training and validation losses ended close together at 1.456 and 1.504, and neither metric exceeded 0.453.","Increase the training budget first, then try a model with more capacity if the plateau remains."
synthetic_v3_healthy_025,controlled_synthetic_v3,train,controlled_mlp,multiclass_classification,"[1.343, 1.167, 0.999, 0.841, 0.693, 0.556, 0.432, 0.325, 0.237, 0.183]","[1.433, 1.251, 1.077, 0.913, 0.759, 0.617, 0.489, 0.377, 0.286, 0.231]","[0.413, 0.495, 0.573, 0.647, 0.716, 0.779, 0.837, 0.887, 0.928, 0.953]","[0.411, 0.489, 0.563, 0.633, 0.699, 0.76, 0.814, 0.862, 0.901, 0.925]",0.002996,"[1, 2, 3, 4, 5, 6, 7, 8, 9, 10]",Validation had one small wobble before returning to its improving trend.,healthy,"Both splits improved over 10 epochs. Final losses were 0.183 for training and 0.231 for validation, with final metrics of 0.953 and 0.925.",Run the same configuration with a second seed and compare the final metrics.
synthetic_v3_healthy_021,controlled_synthetic_v3,train,controlled_tabular_net,binary_classification,"[1.741, 1.523, 1.313, 1.114, 0.927, 0.751, 0.589, 0.442, 0.314, 0.21, 0.146]","[1.771, 1.556, 1.349, 1.153, 0.968, 0.983, 0.635, 0.491, 0.365, 0.262, 0.199]","[0.535, 0.593, 0.648, 0.7, 0.75, 0.796, 0.839, 0.877, 0.911, 0.938, 0.955]","[0.526, 0.58, 0.631, 0.68, 0.726, 0.721, 0.809, 0.845, 0.876, 0.902, 0.917]",0.002272,"[1, 2, 3, 4, 5, 6, 7, 8, 9, 10, 11]",The gap between the two splits stayed small throughout the run.,healthy,"Across 11 epochs, training loss decreased from 1.741 to 0.146 and validation loss decreased from 1.771 to 0.199. The final training and validation metrics remained close at 0.955 and 0.917.",Repeat the run with another random seed to check that the result is reproducible.
synthetic_v3_overfitting_045,controlled_synthetic_v3,train,controlled_tabular_net,binary_classification,"[1.572, 1.317, 1.076, 0.851, 0.643, 0.455, 0.291, 0.158, 0.077]","[1.677, 1.128, 0.683, 0.411, 0.549, 0.683, 0.812, 0.936, 1.043]","[0.522, 0.597, 0.667, 0.733, 0.794, 0.849, 0.897, 0.936, 0.959]","[0.512, 0.66, 0.78, 0.853, 0.816, 0.78, 0.746, 0.713, 0.684]",0.001909,"[1, 2, 3, 4, 5, 6, 7, 8, 9]",The train-validation gap became larger near the end of the run.,overfitting,"After epoch 4, training continued improving to 0.077 loss, but validation loss moved in the opposite direction and finished at 1.043.",Restore the checkpoint from epoch 4 and test early stopping.
synthetic_v3_learning_rate_too_high_048,controlled_synthetic_v3,train,controlled_mlp,binary_classification,"[0.825, 2.816, 0.881, 3.295, 1.025, 2.586, 1.297, 2.975, 0.825, 2.522, 1.399]","[1.005, 2.967, 1.054, 3.429, 1.184, 2.781, 1.393, 3.115, 0.969, 2.608, 1.591]","[0.576, 0.287, 0.526, 0.366, 0.477, 0.304, 0.56, 0.223, 0.508, 0.308, 0.582]","[0.551, 0.265, 0.487, 0.329, 0.444, 0.286, 0.521, 0.184, 0.484, 0.294, 0.56]",0.225,"[1, 2, 3, 4, 5, 6, 7, 8, 9, 10, 11]",No learning-rate scheduler was enabled.,learning_rate_too_high,"Training loss repeatedly jumped from 0.825 at epoch 1 to 2.816 at epoch 2 and from 0.881 at epoch 3 to 3.295 at epoch 4, with no stable downward trend.",Lower the learning rate by about 10x and run the same experiment again.
synthetic_v3_data_leakage_suspected_024,controlled_synthetic_v3,train,controlled_mlp,binary_classification,"[0.42, 0.313, 0.216, 0.132, 0.063, 0.022]","[0.38, 0.284, 0.197, 0.121, 0.059, 0.022]","[0.84, 0.882, 0.919, 0.952, 0.979, 0.995]","[0.88, 0.911, 0.939, 0.963, 0.983, 0.996]",0.001,"[1, 2, 3, 4, 5, 6]",A split audit found 346 identical samples in both the training and validation sets. Accuracy on a deduplicated holdout was 0.68.,data_leakage_suspected,"The split audit found 346 exact duplicates shared by the training and validation sets. Validation metric was 0.996, but the deduplicated holdout metric was 0.680.","Create a new clean split before preprocessing, remove the leakage source, and evaluate the same configuration on an untouched holdout set."
synthetic_v3_healthy_048,controlled_synthetic_v3,train,controlled_mlp,binary_classification,"[1.445, 1.275, 1.112, 0.958, 0.812, 0.676, 0.55, 0.436, 0.337, 0.256, 0.207]","[1.512, 1.339, 1.174, 1.016, 0.867, 0.882, 0.6, 0.483, 0.382, 0.3, 0.249]","[0.434, 0.507, 0.576, 0.642, 0.704, 0.763, 0.817, 0.865, 0.908, 0.942, 0.963]","[0.416, 0.486, 0.553, 0.616, 0.676, 0.671, 0.784, 0.831, 0.872, 0.905, 0.925]",0.002613,"[1, 2, 3, 4, 5, 6, 7, 8, 9, 10, 11]",No learning-rate scheduler was enabled.,healthy,"Across 11 epochs, training loss decreased from 1.445 to 0.207 and validation loss decreased from 1.512 to 0.249. The final training and validation metrics remained close at 0.963 and 0.925.",Repeat the run with another random seed to check that the result is reproducible.
synthetic_v3_healthy_003,controlled_synthetic_v3,train,controlled_tabular_net,binary_classification,"[1.638, 1.36, 1.1, 0.86, 0.643, 0.454, 0.3, 0.206]","[1.756, 1.465, 1.193, 0.943, 0.958, 0.518, 0.357, 0.259]","[0.46, 0.557, 0.647, 0.731, 0.806, 0.872, 0.925, 0.958]","[0.441, 0.533, 0.619, 0.698, 0.693, 0.832, 0.883, 0.914]",0.001859,"[1, 2, 3, 4, 5, 6, 7, 8]",A second seed produced a similar smooth improvement on both splits.,healthy,"Across 8 epochs, training loss decreased from 1.638 to 0.206 and validation loss decreased from 1.756 to 0.259. The final training and validation metrics remained close at 0.958 and 0.914.",Repeat the run with another random seed to check that the result is reproducible.
synthetic_v3_overfitting_020,controlled_synthetic_v3,train,controlled_cnn,image_classification,"[1.7, 1.505, 1.317, 1.138, 0.967, 0.806, 0.655, 0.516, 0.391, 0.281, 0.192, 0.137]","[1.754, 0.856, 0.308, 0.408, 0.506, 0.603, 0.699, 0.792, 0.883, 0.971, 1.055, 1.128]","[0.471, 0.534, 0.594, 0.652, 0.708, 0.76, 0.808, 0.853, 0.894, 0.93, 0.958, 0.976]","[0.461, 0.715, 0.87, 0.835, 0.8, 0.766, 0.732, 0.699, 0.667, 0.636, 0.607, 0.581]",0.00188,"[1, 2, 3, 4, 5, 6, 7, 8, 9, 10, 11, 12]",The run completed without hardware or logging errors.,overfitting,"Validation loss reached its lowest value of 0.308 at epoch 3, then increased to 1.128, while training loss continued decreasing to 0.137.",Stop training near epoch 3 and evaluate that checkpoint on a separate holdout.
synthetic_v3_learning_rate_too_high_030,controlled_synthetic_v3,train,controlled_mlp,binary_classification,"[0.802, 2.752, 1.054, 3.346, 0.916, 2.291, 0.971, 3.101, 1.241, 3.003, 0.973]","[0.915, 2.841, 1.158, 3.52, 1.066, 2.39, 1.071, 3.237, 1.37, 3.147, 1.169]","[0.481, 0.255, 0.49, 0.222, 0.474, 0.323, 0.574, 0.325, 0.456, 0.35, 0.499]","[0.468, 0.238, 0.469, 0.197, 0.444, 0.305, 0.534, 0.314, 0.434, 0.326, 0.467]",0.1125,"[1, 2, 3, 4, 5, 6, 7, 8, 9, 10, 11]",The optimizer state was reset before training started.,learning_rate_too_high,"Training loss repeatedly jumped from 0.802 at epoch 1 to 2.752 at epoch 2 and from 1.054 at epoch 3 to 3.346 at epoch 4, with no stable downward trend.",Lower the learning rate by about 10x and run the same experiment again.
synthetic_v3_insufficient_evidence_036,controlled_synthetic_v3,train,controlled_mlp,binary_classification,"[1.356, 1.153, 0.97, 0.809, 0.679, 0.6]",[],"[0.48, 0.566, 0.644, 0.712, 0.767, 0.801]",[],0.001,"[1, 2, 3, 4, 5, 6]",The experiment used a fixed random seed.,insufficient_evidence,"Validation loss and validation metric are missing, so generalization cannot be compared with training performance.",Run the experiment again with validation loss and validation metric logging enabled.
synthetic_v3_insufficient_evidence_000,controlled_synthetic_v3,train,controlled_mlp,binary_classification,[1.669],[1.717],[0.695],[0.737],0.001,[1],The run completed without hardware or logging errors.,insufficient_evidence,"Only one epoch is available, so no training or validation trend can be established.",Continue training for more epochs and record both training and validation metrics.
synthetic_v3_learning_rate_too_low_031,controlled_synthetic_v3,train,controlled_mlp,multiclass_classification,"[1.839, 1.832, 1.825, 1.818, 1.811, 1.804, 1.797, 1.79, 1.783, 1.775, 1.768, 1.761, 1.754, 1.747]","[1.899, 1.893, 1.886, 1.88, 1.874, 1.868, 1.861, 1.855, 1.849, 1.842, 1.836, 1.83, 1.824, 1.817]","[0.343, 0.347, 0.35, 0.353, 0.357, 0.36, 0.364, 0.367, 0.371, 0.374, 0.378, 0.381, 0.385, 0.388]","[0.333, 0.336, 0.338, 0.341, 0.343, 0.346, 0.349, 0.351, 0.354, 0.357, 0.359, 0.362, 0.364, 0.367]",2.6e-06,"[1, 2, 3, 4, 5, 6, 7, 8, 9, 10, 11, 12, 13, 14]",Parameter updates were very small and progress remained slow but stable.,learning_rate_too_low,The curves moved in the right direction but very slowly: over 14 epochs training loss changed by just 0.092 and the metric changed by 0.045.,Try a learning rate ten times larger while keeping the other settings fixed.
synthetic_v3_learning_rate_too_low_034,controlled_synthetic_v3,train,controlled_encoder,text_classification,"[1.506, 1.503, 1.499, 1.496, 1.492, 1.489, 1.485, 1.482, 1.478, 1.474, 1.471, 1.467, 1.464, 1.46, 1.457, 1.453]","[1.566, 1.563, 1.561, 1.558, 1.555, 1.552, 1.549, 1.546, 1.543, 1.54, 1.538, 1.535, 1.532, 1.529, 1.526, 1.523]","[0.331, 0.336, 0.341, 0.346, 0.351, 0.356, 0.361, 0.366, 0.371, 0.376, 0.381, 0.386, 0.391, 0.396, 0.401, 0.406]","[0.321, 0.326, 0.33, 0.334, 0.338, 0.343, 0.347, 0.351, 0.355, 0.36, 0.364, 0.368, 0.372, 0.377, 0.381, 0.385]",6.9e-06,"[1, 2, 3, 4, 5, 6, 7, 8, 9, 10, 11, 12, 13, 14, 15, 16]",Data augmentation settings stayed unchanged during training.,learning_rate_too_low,The curves moved in the right direction but very slowly: over 16 epochs training loss changed by just 0.053 and the metric changed by 0.075.,Try a learning rate ten times larger while keeping the other settings fixed.
synthetic_v3_overfitting_048,controlled_synthetic_v3,train,controlled_mlp,binary_classification,"[1.375, 1.225, 1.081, 0.943, 0.812, 0.689, 0.573, 0.466, 0.37, 0.286, 0.217, 0.175]","[1.41, 1.074, 0.78, 0.541, 0.396, 0.483, 0.568, 0.651, 0.732, 0.811, 0.886, 0.951]","[0.503, 0.561, 0.617, 0.671, 0.722, 0.77, 0.815, 0.856, 0.894, 0.927, 0.953, 0.97]","[0.493, 0.618, 0.727, 0.815, 0.869, 0.821, 0.774, 0.728, 0.683, 0.64, 0.599, 0.562]",0.000518,"[1, 2, 3, 4, 5, 6, 7, 8, 9, 10, 11, 12]",No learning-rate scheduler was enabled.,overfitting,"Validation loss reached its lowest value of 0.396 at epoch 5, then increased to 0.951, while training loss continued decreasing to 0.175.",Restore the checkpoint from epoch 5 and test early stopping.
synthetic_v3_underfitting_032,controlled_synthetic_v3,train,controlled_cnn,image_classification,"[1.993, 1.872, 1.766, 1.676, 1.6, 1.538, 1.489, 1.452, 1.426, 1.41, 1.401, 1.4]","[2.02, 1.902, 1.8, 1.713, 1.64, 1.58, 1.532, 1.496, 1.471, 1.455, 1.448, 1.446]","[0.291, 0.322, 0.349, 0.372, 0.391, 0.407, 0.419, 0.429, 0.435, 0.439, 0.441, 0.442]","[0.277, 0.306, 0.332, 0.354, 0.373, 0.388, 0.4, 0.409, 0.416, 0.42, 0.421, 0.422]",0.000865,"[1, 2, 3, 4, 5, 6, 7, 8, 9, 10, 11, 12]",Gradient clipping was enabled with the same limit in every epoch.,underfitting,"The model still performed poorly on its training data after 12 epochs, with a 0.442 training metric. Validation was similarly weak at 0.422.",Continue training and compare the result with a larger architecture using the same split.
synthetic_v3_data_leakage_suspected_018,controlled_synthetic_v3,train,controlled_mlp,binary_classification,"[0.42, 0.316, 0.223, 0.141, 0.074, 0.034]","[0.38, 0.286, 0.202, 0.128, 0.068, 0.031]","[0.84, 0.881, 0.917, 0.949, 0.975, 0.991]","[0.88, 0.912, 0.94, 0.965, 0.985, 0.998]",0.001,"[1, 2, 3, 4, 5, 6]",A split audit found 417 identical samples in both the training and validation sets. Accuracy on a deduplicated holdout was 0.68.,data_leakage_suspected,"The split audit found 417 exact duplicates shared by the training and validation sets. Validation metric was 0.998, but the deduplicated holdout metric was 0.680.","Create a new clean split before preprocessing, remove the leakage source, and evaluate the same configuration on an untouched holdout set."
synthetic_v3_overfitting_047,controlled_synthetic_v3,train,controlled_sequence_net,sequence_classification,"[1.176, 1.013, 0.858, 0.712, 0.575, 0.449, 0.335, 0.235, 0.154, 0.105]","[1.216, 0.655, 0.313, 0.416, 0.518, 0.617, 0.714, 0.807, 0.896, 0.974]","[0.454, 0.533, 0.608, 0.679, 0.746, 0.807, 0.862, 0.91, 0.95, 0.974]","[0.444, 0.674, 0.814, 0.779, 0.744, 0.71, 0.677, 0.645, 0.614, 0.588]",0.001961,"[1, 2, 3, 4, 5, 6, 7, 8, 9, 10]",No early stopping was used after the validation score peaked.,overfitting,"Validation performance was best at epoch 3 and became worse afterward, even though training loss kept falling to 0.105.",Stop training near epoch 3 and evaluate that checkpoint on a separate holdout.
synthetic_v3_learning_rate_too_low_011,controlled_synthetic_v3,train,controlled_sequence_net,sequence_classification,"[1.859, 1.855, 1.85, 1.845, 1.84, 1.835, 1.831, 1.826, 1.821, 1.816, 1.811, 1.807, 1.802, 1.797, 1.792, 1.787]","[1.919, 1.915, 1.911, 1.907, 1.903, 1.899, 1.895, 1.89, 1.886, 1.882, 1.878, 1.874, 1.87, 1.866, 1.861, 1.857]","[0.305, 0.31, 0.315, 0.32, 0.325, 0.33, 0.334, 0.339, 0.344, 0.349, 0.354, 0.359, 0.364, 0.369, 0.374, 0.379]","[0.295, 0.299, 0.304, 0.308, 0.313, 0.317, 0.321, 0.326, 0.33, 0.335, 0.339, 0.344, 0.348, 0.352, 0.357, 0.361]",8.2e-06,"[1, 2, 3, 4, 5, 6, 7, 8, 9, 10, 11, 12, 13, 14, 15, 16]",Parameter updates were very small and progress remained slow but stable.,learning_rate_too_low,"Despite 16 stable epochs, training loss only moved from 1.859 to 1.787, leaving performance poor within the available budget.",Raise the learning rate and compare how much progress is made in the same epoch budget.
synthetic_v3_insufficient_evidence_013,controlled_synthetic_v3,train,controlled_mlp,multiclass_classification,"[1.109, 0.906, 0.749, 0.638, 0.555]","[1.174, 0.975, 0.787, 0.691, 0.611]","[0.597, 0.557, 0.517, 0.477, 0.437]","[0.571, 0.54, 0.494, 0.457, 0.412]",0.001,"[1, 2, 3, 4, 5]",Loss improved while the recorded accuracy moved in the opposite direction.,insufficient_evidence,"The losses improve but both recorded metrics become worse, so the logs are contradictory and may use an unknown metric direction or contain a logging error.","Verify the metric definition and logging code, then repeat the run before diagnosing it."
synthetic_v3_overfitting_044,controlled_synthetic_v3,train,controlled_cnn,image_classification,"[1.339, 1.147, 0.964, 0.791, 0.63, 0.481, 0.346, 0.229, 0.133, 0.075]","[1.38, 0.815, 0.47, 0.549, 0.627, 0.703, 0.778, 0.849, 0.918, 0.977]","[0.499, 0.572, 0.641, 0.706, 0.767, 0.823, 0.873, 0.918, 0.954, 0.976]","[0.489, 0.702, 0.832, 0.789, 0.746, 0.704, 0.663, 0.624, 0.586, 0.554]",0.002424,"[1, 2, 3, 4, 5, 6, 7, 8, 9, 10]",Metrics were recorded once at the end of every epoch.,overfitting,"Validation loss reached its lowest value of 0.470 at epoch 3, then increased to 0.977, while training loss continued decreasing to 0.075.",Stop training near epoch 3 and evaluate that checkpoint on a separate holdout.
synthetic_v3_overfitting_013,controlled_synthetic_v3,train,controlled_mlp,multiclass_classification,"[1.518, 1.337, 1.163, 0.996, 0.838, 0.688, 0.548, 0.419, 0.302, 0.2, 0.117, 0.066]","[1.626, 1.219, 0.863, 0.574, 0.398, 0.521, 0.642, 0.76, 0.876, 0.988, 1.094, 1.186]","[0.486, 0.546, 0.604, 0.66, 0.712, 0.762, 0.809, 0.852, 0.89, 0.924, 0.952, 0.969]","[0.476, 0.588, 0.685, 0.764, 0.813, 0.777, 0.741, 0.707, 0.673, 0.64, 0.609, 0.581]",0.000439,"[1, 2, 3, 4, 5, 6, 7, 8, 9, 10, 11, 12]",Training kept improving after validation had started getting worse.,overfitting,"After epoch 5, training continued improving to 0.066 loss, but validation loss moved in the opposite direction and finished at 1.186.",Use epoch 5 as the early-stopping point and compare it with the final checkpoint.
synthetic_v3_insufficient_evidence_012,controlled_synthetic_v3,train,controlled_mlp,binary_classification,"[1.124, 0.756]","[1.159, 0.777]",[],[],0.001,"[1, 2]",Gradient clipping was enabled with the same limit in every epoch.,insufficient_evidence,"Only two epochs are available and both training and validation metrics are missing, so the early loss decrease does not support a specific diagnosis.",Collect more epochs and record training and validation metrics before diagnosing the run again.
synthetic_v3_data_leakage_suspected_014,controlled_synthetic_v3,train,controlled_cnn,image_classification,"[0.42, 0.314, 0.218, 0.134, 0.066, 0.024]","[0.38, 0.284, 0.198, 0.122, 0.06, 0.023]","[0.84, 0.88, 0.916, 0.948, 0.973, 0.989]","[0.88, 0.91, 0.937, 0.961, 0.981, 0.992]",0.001,"[1, 2, 3, 4, 5, 6]",A feature audit found that the input column named target_copy exactly matched the target for every training and validation sample. Clean holdout metric was 0.61.,data_leakage_suspected,"The target_copy input feature directly revealed the target in both splits. Validation metric was 0.992, but it fell to 0.610 after removing that feature on a clean holdout.","Remove the overlap, retrain from scratch, and verify the result on a clean holdout."
synthetic_v3_healthy_020,controlled_synthetic_v3,train,controlled_cnn,image_classification,"[1.259, 1.13, 1.005, 0.887, 0.774, 0.667, 0.567, 0.475, 0.392, 0.319, 0.26, 0.224]","[1.338, 1.202, 1.072, 0.948, 0.83, 0.718, 0.614, 0.518, 0.43, 0.354, 0.293, 0.255]","[0.369, 0.442, 0.512, 0.579, 0.643, 0.703, 0.759, 0.811, 0.858, 0.899, 0.932, 0.953]","[0.362, 0.432, 0.5, 0.565, 0.627, 0.685, 0.739, 0.79, 0.835, 0.875, 0.907, 0.927]",0.0016,"[1, 2, 3, 4, 5, 6, 7, 8, 9, 10, 11, 12]",The run completed without hardware or logging errors.,healthy,"Training and validation followed the same improving trend: losses ended at 0.224 and 0.255, while their metrics reached 0.953 and 0.927.",Repeat the experiment once more to confirm that the stable result is reproducible.
synthetic_v3_healthy_042,controlled_synthetic_v3,train,controlled_mlp,binary_classification,"[1.604, 1.357, 1.124, 0.906, 0.705, 0.523, 0.364, 0.235, 0.156]","[1.652, 1.402, 1.166, 0.946, 0.961, 0.558, 0.398, 0.267, 0.187]","[0.399, 0.49, 0.576, 0.657, 0.731, 0.798, 0.857, 0.904, 0.933]","[0.374, 0.467, 0.555, 0.637, 0.632, 0.782, 0.842, 0.89, 0.92]",0.001419,"[1, 2, 3, 4, 5, 6, 7, 8, 9]",Batch size and optimizer settings stayed fixed during the run.,healthy,"Across 9 epochs, training loss decreased from 1.604 to 0.156 and validation loss decreased from 1.652 to 0.187. The final training and validation metrics remained close at 0.933 and 0.920.",Repeat the run with another random seed to check that the result is reproducible.
synthetic_v3_insufficient_evidence_015,controlled_synthetic_v3,train,controlled_tabular_net,binary_classification,[1.608],[1.625],[0.589],[0.596],0.001,[1],Only one epoch was recorded.,insufficient_evidence,"Only one epoch is available, so no training or validation trend can be established.",Continue training for more epochs and record both training and validation metrics.
synthetic_v3_healthy_013,controlled_synthetic_v3,train,controlled_mlp,multiclass_classification,"[1.727, 1.503, 1.29, 1.089, 0.9, 0.727, 0.57, 0.433, 0.321, 0.253]","[1.785, 1.557, 1.34, 1.136, 0.944, 0.768, 0.608, 0.469, 0.356, 0.286]","[0.526, 0.593, 0.656, 0.716, 0.773, 0.825, 0.872, 0.913, 0.946, 0.966]","[0.523, 0.586, 0.646, 0.702, 0.755, 0.804, 0.848, 0.886, 0.917, 0.937]",0.000487,"[1, 2, 3, 4, 5, 6, 7, 8, 9, 10]",A second seed produced a similar smooth improvement on both splits.,healthy,"Both splits improved over 10 epochs. Final losses were 0.253 for training and 0.286 for validation, with final metrics of 0.966 and 0.937.",Run the same configuration with a second seed and compare the final metrics.
synthetic_v3_healthy_028,controlled_synthetic_v3,train,controlled_encoder,text_classification,"[1.734, 1.444, 1.172, 0.922, 0.695, 0.498, 0.337, 0.239]","[1.778, 1.488, 1.217, 0.968, 0.742, 0.544, 0.384, 0.286]","[0.392, 0.495, 0.592, 0.681, 0.762, 0.832, 0.889, 0.924]","[0.371, 0.47, 0.562, 0.648, 0.725, 0.792, 0.847, 0.88]",0.001665,"[1, 2, 3, 4, 5, 6, 7, 8]",No learning-rate scheduler was enabled.,healthy,"Both splits improved over 8 epochs. Final losses were 0.239 for training and 0.286 for validation, with final metrics of 0.924 and 0.880.",Run the same configuration with a second seed and compare the final metrics.
synthetic_v3_learning_rate_too_low_016,controlled_synthetic_v3,train,controlled_encoder,text_classification,"[1.723, 1.714, 1.704, 1.694, 1.685, 1.675, 1.666, 1.656, 1.646, 1.637, 1.627, 1.618, 1.608, 1.598, 1.589]","[1.783, 1.774, 1.765, 1.757, 1.748, 1.739, 1.73, 1.721, 1.712, 1.703, 1.694, 1.685, 1.676, 1.668, 1.659]","[0.39, 0.392, 0.395, 0.398, 0.4, 0.403, 0.406, 0.408, 0.411, 0.414, 0.417, 0.419, 0.422, 0.425, 0.427]","[0.38, 0.382, 0.384, 0.386, 0.388, 0.39, 0.392, 0.394, 0.396, 0.398, 0.4, 0.402, 0.404, 0.406, 0.408]",4e-06,"[1, 2, 3, 4, 5, 6, 7, 8, 9, 10, 11, 12, 13, 14, 15]",The experiment used a fixed random seed.,learning_rate_too_low,The curves moved in the right direction but very slowly: over 15 epochs training loss changed by just 0.134 and the metric changed by 0.037.,Try a learning rate ten times larger while keeping the other settings fixed.
synthetic_v3_underfitting_017,controlled_synthetic_v3,train,controlled_sequence_net,sequence_classification,"[2.262, 2.092, 1.944, 1.817, 1.711, 1.624, 1.555, 1.503, 1.466, 1.443, 1.432, 1.43]","[2.327, 2.159, 2.013, 1.888, 1.783, 1.697, 1.628, 1.577, 1.541, 1.518, 1.507, 1.504]","[0.331, 0.373, 0.409, 0.439, 0.465, 0.486, 0.503, 0.516, 0.525, 0.53, 0.533, 0.534]","[0.318, 0.36, 0.395, 0.426, 0.452, 0.473, 0.489, 0.502, 0.511, 0.516, 0.519, 0.519]",0.000671,"[1, 2, 3, 4, 5, 6, 7, 8, 9, 10, 11, 12]",Training and validation remained close but both results were weak.,underfitting,"The model still performed poorly on its training data after 12 epochs, with a 0.534 training metric. Validation was similarly weak at 0.519.",Continue training and compare the result with a larger architecture using the same split.
synthetic_v3_learning_rate_too_high_033,controlled_synthetic_v3,train,controlled_tabular_net,binary_classification,"[0.966, 2.636, 0.813, 2.249, 0.903, 2.69, 0.75, 3.277, 0.891, 2.096, 1.252, 3.278]","[1.147, 2.755, 0.896, 2.399, 1.093, 2.863, 0.932, 3.46, 1.086, 2.221, 1.445, 3.405]","[0.465, 0.254, 0.47, 0.228, 0.592, 0.343, 0.594, 0.317, 0.476, 0.374, 0.554, 0.367]","[0.431, 0.237, 0.442, 0.213, 0.573, 0.312, 0.58, 0.285, 0.438, 0.336, 0.532, 0.327]",0.2913,"[1, 2, 3, 4, 5, 6, 7, 8, 9, 10, 11, 12]",The same optimizer converged when a much smaller rate was used in a pilot run.,learning_rate_too_high,"Training loss repeatedly jumped from 0.966 at epoch 1 to 2.636 at epoch 2 and from 0.813 at epoch 3 to 2.249 at epoch 4, with no stable downward trend.",Lower the learning rate by about 10x and run the same experiment again.
synthetic_v3_data_leakage_suspected_037,controlled_synthetic_v3,train,controlled_mlp,multiclass_classification,"[0.42, 0.323, 0.235, 0.159, 0.097, 0.059]","[0.38, 0.285, 0.2, 0.125, 0.064, 0.027]","[0.84, 0.881, 0.917, 0.95, 0.976, 0.992]","[0.88, 0.911, 0.94, 0.964, 0.985, 0.997]",0.001,"[1, 2, 3, 4, 5, 6]",The scaler and feature selector were fitted on the complete dataset before the train-validation split. Metric on a clean holdout was 0.64.,data_leakage_suspected,"Preprocessing was fitted before the split, so validation information entered the training pipeline. Validation metric was 0.997, compared with 0.640 on a clean holdout.","Rebuild the splits around independent groups, then rerun preprocessing and training."
synthetic_v3_learning_rate_too_low_002,controlled_synthetic_v3,train,controlled_cnn,image_classification,"[1.834, 1.826, 1.817, 1.809, 1.8, 1.792, 1.783, 1.775, 1.766, 1.758, 1.749, 1.741, 1.732, 1.724, 1.715, 1.707]","[1.894, 1.887, 1.879, 1.871, 1.863, 1.855, 1.847, 1.84, 1.832, 1.824, 1.816, 1.808, 1.8, 1.793, 1.785, 1.777]","[0.353, 0.356, 0.359, 0.361, 0.364, 0.367, 0.37, 0.372, 0.375, 0.378, 0.381, 0.383, 0.386, 0.389, 0.392, 0.394]","[0.343, 0.345, 0.347, 0.349, 0.351, 0.353, 0.354, 0.356, 0.358, 0.36, 0.362, 0.364, 0.366, 0.368, 0.369, 0.371]",7.4e-06,"[1, 2, 3, 4, 5, 6, 7, 8, 9, 10, 11, 12, 13, 14, 15, 16]",Batch size and optimizer settings stayed fixed during the run.,learning_rate_too_low,"Despite 16 stable epochs, training loss only moved from 1.834 to 1.707, leaving performance poor within the available budget.",Raise the learning rate and compare how much progress is made in the same epoch budget.
synthetic_v3_healthy_019,controlled_synthetic_v3,train,controlled_mlp,multiclass_classification,"[1.349, 1.116, 0.899, 0.698, 0.517, 0.358, 0.229, 0.15]","[1.419, 1.184, 0.963, 0.76, 0.576, 0.415, 0.285, 0.205]","[0.406, 0.505, 0.598, 0.684, 0.761, 0.829, 0.884, 0.917]","[0.378, 0.477, 0.57, 0.656, 0.733, 0.801, 0.856, 0.889]",0.002626,"[1, 2, 3, 4, 5, 6, 7, 8]",A split audit found no overlap and both curves converged normally.,healthy,"Both splits improved over 8 epochs. Final losses were 0.150 for training and 0.205 for validation, with final metrics of 0.917 and 0.889.",Run the same configuration with a second seed and compare the final metrics.
synthetic_v3_learning_rate_too_high_043,controlled_synthetic_v3,train,controlled_mlp,multiclass_classification,"[1.167, 2.407, 1.372, 3.393, 0.99, 3.252, 1.001, 2.183, 1.414, 3.277, 1.032, 2.243]","[1.334, 2.503, 1.54, 3.544, 1.09, 3.376, 1.159, 2.267, 1.599, 3.388, 1.176, 2.329]","[0.599, 0.319, 0.548, 0.204, 0.553, 0.275, 0.507, 0.299, 0.521, 0.228, 0.554, 0.313]","[0.58, 0.289, 0.518, 0.186, 0.525, 0.261, 0.472, 0.286, 0.489, 0.214, 0.541, 0.3]",0.0997,"[1, 2, 3, 4, 5, 6, 7, 8, 9, 10, 11, 12]",The same optimizer converged when a much smaller rate was used in a pilot run.,learning_rate_too_high,"Loss oscillated throughout 12 epochs, including increases from 1.167 to 2.407 and from 1.372 to 3.393; the run did not converge.",Repeat the configuration with a learning rate ten times smaller.
synthetic_v3_learning_rate_too_low_008,controlled_synthetic_v3,train,controlled_cnn,image_classification,"[1.66, 1.65, 1.64, 1.63, 1.62, 1.61, 1.6, 1.59, 1.58, 1.57, 1.56, 1.55, 1.54]","[1.72, 1.711, 1.702, 1.693, 1.683, 1.674, 1.665, 1.656, 1.646, 1.637, 1.628, 1.619, 1.61]","[0.319, 0.324, 0.329, 0.333, 0.338, 0.343, 0.348, 0.352, 0.357, 0.362, 0.367, 0.372, 0.376]","[0.309, 0.313, 0.317, 0.321, 0.325, 0.329, 0.334, 0.338, 0.342, 0.346, 0.35, 0.354, 0.358]",4.1e-06,"[1, 2, 3, 4, 5, 6, 7, 8, 9, 10, 11, 12, 13]",No learning-rate scheduler was enabled.,learning_rate_too_low,"Despite 13 stable epochs, training loss only moved from 1.660 to 1.540, leaving performance poor within the available budget.",Raise the learning rate and compare how much progress is made in the same epoch budget.
synthetic_v3_data_leakage_suspected_007,controlled_synthetic_v3,train,controlled_mlp,multiclass_classification,"[0.42, 0.317, 0.224, 0.143, 0.077, 0.037]","[0.38, 0.288, 0.204, 0.132, 0.072, 0.036]","[0.84, 0.88, 0.917, 0.949, 0.975, 0.99]","[0.88, 0.911, 0.938, 0.962, 0.982, 0.994]",0.001,"[1, 2, 3, 4, 5, 6]",The scaler and feature selector were fitted on the complete dataset before the train-validation split. Metric on a clean holdout was 0.64.,data_leakage_suspected,"Preprocessing was fitted before the split, so validation information entered the training pipeline. Validation metric was 0.994, compared with 0.640 on a clean holdout.","Rebuild the splits around independent groups, then rerun preprocessing and training."
synthetic_v3_learning_rate_too_low_048,controlled_synthetic_v3,train,controlled_mlp,binary_classification,"[1.839, 1.829, 1.818, 1.808, 1.797, 1.787, 1.776, 1.766, 1.755, 1.745, 1.734, 1.724]","[1.899, 1.89, 1.88, 1.87, 1.861, 1.851, 1.842, 1.832, 1.823, 1.813, 1.803, 1.794]","[0.399, 0.406, 0.413, 0.42, 0.427, 0.434, 0.441, 0.448, 0.455, 0.462, 0.469, 0.476]","[0.389, 0.395, 0.402, 0.408, 0.415, 0.422, 0.428, 0.435, 0.442, 0.448, 0.455, 0.462]",6.5e-06,"[1, 2, 3, 4, 5, 6, 7, 8, 9, 10, 11, 12]",No learning-rate scheduler was enabled.,learning_rate_too_low,"Training loss decreased consistently by only 0.115, from 1.839 to 1.724, across 12 epochs, while the training metric improved by only 0.077.",Increase the learning rate by about 10x and run the same experiment again.
synthetic_v3_underfitting_019,controlled_synthetic_v3,train,controlled_mlp,multiclass_classification,"[2.054, 1.881, 1.745, 1.642, 1.569, 1.524, 1.501, 1.496]","[2.111, 1.942, 1.808, 1.707, 1.636, 1.592, 1.57, 1.565]","[0.353, 0.41, 0.455, 0.489, 0.513, 0.528, 0.536, 0.538]","[0.344, 0.393, 0.432, 0.462, 0.483, 0.496, 0.502, 0.504]",0.00213,"[1, 2, 3, 4, 5, 6, 7, 8]","Optimization was stable, yet the small architecture could not fit the training data.",underfitting,"Both splits reached a weak plateau. Training and validation losses ended close together at 1.496 and 1.565, and neither metric exceeded 0.538.","Increase the training budget first, then try a model with more capacity if the plateau remains."
synthetic_v3_data_leakage_suspected_032,controlled_synthetic_v3,train,controlled_cnn,image_classification,"[0.42, 0.32, 0.23, 0.152, 0.088, 0.049]","[0.38, 0.285, 0.2, 0.125, 0.064, 0.027]","[0.84, 0.88, 0.916, 0.948, 0.973, 0.989]","[0.88, 0.91, 0.938, 0.962, 0.981, 0.993]",0.001,"[1, 2, 3, 4, 5, 6]",A feature audit found that the input column named target_copy exactly matched the target for every training and validation sample. Clean holdout metric was 0.61.,data_leakage_suspected,"The target_copy input feature directly revealed the target in both splits. Validation metric was 0.993, but it fell to 0.610 after removing that feature on a clean holdout.","Remove the overlap, retrain from scratch, and verify the result on a clean holdout."
synthetic_v3_learning_rate_too_high_020,controlled_synthetic_v3,train,controlled_cnn,image_classification,"[1.111, 2.728, 0.982, 2.54, 1.073, 3.097, 1.191, 2.18, 1.21]","[1.238, 2.896, 1.168, 2.674, 1.205, 3.178, 1.297, 2.293, 1.374]","[0.569, 0.304, 0.57, 0.297, 0.505, 0.235, 0.467, 0.321, 0.523]","[0.53, 0.285, 0.548, 0.275, 0.492, 0.214, 0.443, 0.306, 0.493]",0.2502,"[1, 2, 3, 4, 5, 6, 7, 8, 9]",The run completed without hardware or logging errors.,learning_rate_too_high,"The large recurring loss spikes were paired with metric drops, such as 0.569 to 0.304 between epochs 1 and 2.",Reduce the learning rate first and check whether the loss begins to converge smoothly.
synthetic_v3_data_leakage_suspected_047,controlled_synthetic_v3,train,controlled_sequence_net,sequence_classification,"[0.42, 0.314, 0.218, 0.134, 0.066, 0.025]","[0.38, 0.281, 0.192, 0.114, 0.051, 0.012]","[0.84, 0.881, 0.919, 0.952, 0.978, 0.994]","[0.88, 0.911, 0.938, 0.963, 0.982, 0.994]",0.001,"[1, 2, 3, 4, 5, 6]",Source documents were divided by individual rows; paragraphs from the same documents occurred in both splits. Performance dropped to 0.66 when split by document.,data_leakage_suspected,"Paragraphs from the same source documents crossed the split boundary. The validation metric was 0.994, but a document-level holdout reached only 0.660.","Remove the overlap, retrain from scratch, and verify the result on a clean holdout."
synthetic_v3_learning_rate_too_high_037,controlled_synthetic_v3,train,controlled_mlp,multiclass_classification,"[0.891, 3.134, 0.854, 2.793, 0.974, 2.991, 1.315, 2.031, 1.139, 2.728, 1.35]","[1.033, 3.324, 0.935, 2.957, 1.125, 3.165, 1.409, 2.129, 1.287, 2.878, 1.546]","[0.465, 0.219, 0.567, 0.341, 0.58, 0.358, 0.582, 0.248, 0.548, 0.303, 0.521]","[0.45, 0.197, 0.538, 0.311, 0.558, 0.336, 0.546, 0.217, 0.537, 0.279, 0.503]",0.1431,"[1, 2, 3, 4, 5, 6, 7, 8, 9, 10, 11]",Neither split settled into a downward trend during the run.,learning_rate_too_high,"Loss oscillated throughout 11 epochs, including increases from 0.891 to 3.134 and from 0.854 to 2.793; the run did not converge.",Repeat the configuration with a learning rate ten times smaller.
synthetic_v3_overfitting_009,controlled_synthetic_v3,train,controlled_tabular_net,binary_classification,"[1.628, 1.44, 1.259, 1.086, 0.922, 0.767, 0.622, 0.488, 0.366, 0.261, 0.175, 0.122]","[1.704, 1.439, 1.191, 0.962, 0.755, 0.575, 0.428, 0.338, 0.482, 0.622, 0.755, 0.871]","[0.461, 0.525, 0.586, 0.645, 0.701, 0.753, 0.803, 0.848, 0.889, 0.925, 0.954, 0.972]","[0.451, 0.517, 0.578, 0.635, 0.686, 0.73, 0.767, 0.789, 0.746, 0.705, 0.665, 0.631]",0.002222,"[1, 2, 3, 4, 5, 6, 7, 8, 9, 10, 11, 12]",A second seed showed the same late divergence between the two splits.,overfitting,"After epoch 8, training continued improving to 0.122 loss, but validation loss moved in the opposite direction and finished at 0.871.",Restore the checkpoint from epoch 8 and test early stopping.
synthetic_v3_underfitting_022,controlled_synthetic_v3,train,controlled_encoder,text_classification,"[2.115, 1.943, 1.793, 1.664, 1.556, 1.468, 1.398, 1.345, 1.308, 1.285, 1.274, 1.271]","[2.162, 1.99, 1.842, 1.714, 1.607, 1.52, 1.45, 1.398, 1.361, 1.338, 1.327, 1.324]","[0.323, 0.354, 0.381, 0.405, 0.424, 0.44, 0.453, 0.463, 0.47, 0.474, 0.476, 0.476]","[0.318, 0.343, 0.365, 0.383, 0.399, 0.412, 0.422, 0.43, 0.435, 0.438, 0.44, 0.44]",0.002911,"[1, 2, 3, 4, 5, 6, 7, 8, 9, 10, 11, 12]",Batch size and optimizer settings stayed fixed during the run.,underfitting,"Both splits reached a weak plateau. Training and validation losses ended close together at 1.271 and 1.324, and neither metric exceeded 0.476.","Increase the training budget first, then try a model with more capacity if the plateau remains."
synthetic_v3_underfitting_003,controlled_synthetic_v3,train,controlled_tabular_net,binary_classification,"[1.847, 1.765, 1.7, 1.652, 1.617, 1.596, 1.585, 1.583]","[1.875, 1.81, 1.758, 1.72, 1.692, 1.675, 1.667, 1.665]","[0.356, 0.399, 0.434, 0.46, 0.478, 0.49, 0.495, 0.497]","[0.344, 0.383, 0.414, 0.437, 0.454, 0.464, 0.469, 0.47]",0.001324,"[1, 2, 3, 4, 5, 6, 7, 8]",The model still performed poorly on its own training examples.,underfitting,Training remained poor after 8 epochs: training loss was 1.583 and training metric was 0.497. Validation values were similarly poor at 1.665 loss and 0.470 metric.,"Train for more epochs and, if training remains poor, test a larger model."
synthetic_v3_overfitting_011,controlled_synthetic_v3,train,controlled_sequence_net,sequence_classification,"[1.284, 1.119, 0.961, 0.811, 0.669, 0.536, 0.414, 0.303, 0.206, 0.128, 0.08]","[1.379, 1.042, 0.748, 0.509, 0.363, 0.501, 0.636, 0.768, 0.895, 1.016, 1.121]","[0.543, 0.602, 0.659, 0.714, 0.765, 0.813, 0.857, 0.897, 0.932, 0.96, 0.978]","[0.533, 0.616, 0.688, 0.747, 0.783, 0.763, 0.744, 0.726, 0.708, 0.691, 0.676]",0.001047,"[1, 2, 3, 4, 5, 6, 7, 8, 9, 10, 11]",The best validation checkpoint occurred before the final epoch.,overfitting,"Validation performance was best at epoch 5 and became worse afterward, even though training loss kept falling to 0.080.",Stop training near epoch 5 and evaluate that checkpoint on a separate holdout.
synthetic_v3_insufficient_evidence_018,controlled_synthetic_v3,train,controlled_mlp,binary_classification,"[1.145, 0.935, 0.773, 0.658, 0.573]","[1.193, 1.0, 0.818, 0.711, 0.642]","[0.621, 0.581, 0.541, 0.501, 0.461]","[0.607, 0.571, 0.516, 0.478, 0.432]",0.001,"[1, 2, 3, 4, 5]",No checkpoints were removed from the recorded history.,insufficient_evidence,"The losses improve but both recorded metrics become worse, so the logs are contradictory and may use an unknown metric direction or contain a logging error.","Verify the metric definition and logging code, then repeat the run before diagnosing it."
synthetic_v3_healthy_024,controlled_synthetic_v3,train,controlled_mlp,binary_classification,"[1.765, 1.463, 1.181, 0.921, 0.686, 0.48, 0.313, 0.211]","[1.847, 1.536, 1.245, 0.976, 0.991, 0.521, 0.349, 0.243]","[0.366, 0.479, 0.584, 0.681, 0.769, 0.846, 0.908, 0.946]","[0.349, 0.461, 0.565, 0.661, 0.656, 0.824, 0.886, 0.923]",0.001004,"[1, 2, 3, 4, 5, 6, 7, 8]",Metrics were recorded once at the end of every epoch.,healthy,"Across 8 epochs, training loss decreased from 1.765 to 0.211 and validation loss decreased from 1.847 to 0.243. The final training and validation metrics remained close at 0.946 and 0.923.",Repeat the run with another random seed to check that the result is reproducible.
synthetic_v3_insufficient_evidence_024,controlled_synthetic_v3,train,controlled_mlp,binary_classification,"[1.591, 1.286, 1.01, 0.77, 0.574, 0.455]","[1.63, 1.333, 1.065, 0.831, 0.641, 0.525]","[0.397, 0.513, 0.619, 0.711, 0.785, 0.831]",[],0.001,"[1, 2, 3, 4, 5, 6]",Metrics were recorded once at the end of every epoch.,insufficient_evidence,"The validation metric and its definition were not recorded, so the available information is incomplete and does not support a reliable diagnosis.","Record the validation metric and its definition, then rerun the evaluation."
synthetic_v3_underfitting_043,controlled_synthetic_v3,train,controlled_mlp,multiclass_classification,"[1.948, 1.773, 1.634, 1.529, 1.455, 1.409, 1.386, 1.381]","[2.004, 1.836, 1.703, 1.603, 1.532, 1.488, 1.466, 1.461]","[0.272, 0.337, 0.389, 0.428, 0.456, 0.473, 0.481, 0.483]","[0.263, 0.321, 0.367, 0.402, 0.427, 0.442, 0.449, 0.451]",0.002779,"[1, 2, 3, 4, 5, 6, 7, 8]",The model still performed poorly on its own training examples.,underfitting,"Both splits reached a weak plateau. Training and validation losses ended close together at 1.381 and 1.461, and neither metric exceeded 0.483.","Increase the training budget first, then try a model with more capacity if the plateau remains."
synthetic_v3_insufficient_evidence_023,controlled_synthetic_v3,train,controlled_sequence_net,sequence_classification,"[1.23, 1.005, 0.83, 0.707, 0.615]","[1.265, 1.069, 0.861, 0.764, 0.679]","[0.613, 0.573, 0.533, 0.493, 0.453]","[0.593, 0.544, 0.512, 0.478, 0.434]",0.001,"[1, 2, 3, 4, 5]",Loss improved while the recorded accuracy moved in the opposite direction.,insufficient_evidence,"The losses improve but both recorded metrics become worse, so the logs are contradictory and may use an unknown metric direction or contain a logging error.","Verify the metric definition and logging code, then repeat the run before diagnosing it."
synthetic_v3_healthy_044,controlled_synthetic_v3,train,controlled_cnn,image_classification,"[1.331, 1.183, 1.041, 0.906, 0.778, 0.659, 0.549, 0.449, 0.362, 0.292, 0.249]","[1.424, 1.27, 1.124, 0.985, 0.853, 0.73, 0.617, 0.514, 0.424, 0.351, 0.307]","[0.461, 0.53, 0.596, 0.659, 0.718, 0.774, 0.825, 0.871, 0.911, 0.944, 0.964]","[0.457, 0.525, 0.589, 0.65, 0.708, 0.762, 0.812, 0.858, 0.897, 0.929, 0.949]",0.001555,"[1, 2, 3, 4, 5, 6, 7, 8, 9, 10, 11]",Metrics were recorded once at the end of every epoch.,healthy,"Training and validation followed the same improving trend: losses ended at 0.249 and 0.307, while their metrics reached 0.964 and 0.949.",Repeat the experiment once more to confirm that the stable result is reproducible.
synthetic_v3_overfitting_038,controlled_synthetic_v3,train,controlled_cnn,image_classification,"[1.419, 1.205, 1.004, 0.816, 0.642, 0.485, 0.348, 0.237, 0.169]","[1.524, 1.135, 0.796, 0.52, 0.351, 0.571, 0.784, 0.986, 1.162]","[0.472, 0.559, 0.641, 0.718, 0.789, 0.853, 0.909, 0.955, 0.982]","[0.462, 0.59, 0.703, 0.794, 0.85, 0.784, 0.721, 0.66, 0.608]",0.000611,"[1, 2, 3, 4, 5, 6, 7, 8, 9]",No checkpoints were removed from the recorded history.,overfitting,"The generalization gap grew after epoch 5: the final training metric was 0.982, while the validation metric fell to 0.608.",Stop training near epoch 5 and evaluate that checkpoint on a separate holdout.
synthetic_v3_learning_rate_too_high_035,controlled_synthetic_v3,train,controlled_sequence_net,sequence_classification,"[1.206, 2.931, 0.864, 2.011, 1.342, 2.342, 0.973, 3.327, 0.802, 2.155, 1.013, 2.998]","[1.352, 3.119, 0.955, 2.162, 1.496, 2.48, 1.057, 3.52, 0.902, 2.342, 1.112, 3.09]","[0.481, 0.234, 0.555, 0.33, 0.559, 0.248, 0.492, 0.243, 0.457, 0.303, 0.576, 0.228]","[0.46, 0.211, 0.536, 0.3, 0.531, 0.232, 0.481, 0.228, 0.438, 0.291, 0.541, 0.209]",0.1494,"[1, 2, 3, 4, 5, 6, 7, 8, 9, 10, 11, 12]",Large loss jumps continued even though the batch size stayed fixed.,learning_rate_too_high,"The large recurring loss spikes were paired with metric drops, such as 0.481 to 0.234 between epochs 1 and 2.",Reduce the learning rate first and check whether the loss begins to converge smoothly.
